This file contains any messages produced by compilers while
running configure, to aid debugging if configure makes a mistake.

It was created by curl configure -, which was
generated by GNU Autoconf 2.71.  Invocation command line was

  $ ./configure --with-openssl --prefix=/inxware/ert-contrib-middleware/inx_build_scripts/../target_libs/armv7l-linux-VX_VX_base/build --host=armv7l-linux --build=x86_64-linux

## --------- ##
## Platform. ##
## --------- ##

hostname = 4b5ba15d04b5
uname -m = x86_64
uname -r = 5.15.0-50-generic
uname -s = Linux
uname -v = #56-Ubuntu SMP Tue Sep 20 13:23:26 UTC 2022

/usr/bin/uname -p = unknown
/bin/uname -X     = unknown

/bin/arch              = unknown
/usr/bin/arch -k       = unknown
/usr/convex/getsysinfo = unknown
/usr/bin/hostinfo      = unknown
/bin/machine           = unknown
/usr/bin/oslevel       = unknown
/bin/universe          = unknown

PATH: /inxware/ert-contrib-middleware/inx_build_scripts/../../ert-build-support/toolchains/x86_64/VX/bin/
PATH: /usr/local/sbin/
PATH: /usr/local/bin/
PATH: /usr/sbin/
PATH: /usr/bin/
PATH: /sbin/
PATH: /bin/


## ----------- ##
## Core tests. ##
## ----------- ##

configure:3293: looking for aux files: ltmain.sh config.guess config.sub missing compile install-sh
configure:3306:  trying ./
configure:3335:   ./ltmain.sh found
configure:3335:   ./config.guess found
configure:3335:   ./config.sub found
configure:3335:   ./missing found
configure:3335:   ./compile found
configure:3317:   ./install-sh found
configure:3461: checking whether to enable maintainer-specific portions of Makefiles
configure:3471: result: no
configure:3496: checking whether make supports nested variables
configure:3514: result: yes
configure:3527: checking whether to enable debug build options
configure:3550: result: no
configure:3554: checking whether to enable compiler optimizer
configure:3576: result: (assumed) yes
configure:3588: checking whether to enable strict compiler warnings
configure:3608: result: no
configure:3612: checking whether to enable compiler warnings as errors
configure:3632: result: no
configure:3636: checking whether to enable curl debug memory tracking
configure:3659: result: no
configure:3676: checking whether to enable hiding of library internal symbols
configure:3693: result: yes
configure:3704: checking whether to enable c-ares for DNS lookups
configure:3727: result: no
configure:3731: checking whether to disable dependency on -lrt
configure:3748: result: (assumed no)
configure:3759: checking whether to enable ECH support
configure:3778: result: no
configure:3809: checking for path separator
configure:3811: result: :
configure:3831: checking for sed
configure:3855: found /bin/sed
configure:3868: result: /bin/sed
configure:3885: checking for grep
configure:3909: found /bin/grep
configure:3922: result: /bin/grep
configure:3938: checking for egrep
configure:3941: result: /bin/grep -E
configure:4251: using CFLAGS:  -I/inxware/ert-contrib-middleware/inx_build_scripts/../target_libs/armv7l-linux-VX_VX_base/build/include -I/inxware/ert-contrib-middleware/inx_build_scripts/../../ert-build-support/support_libs/target_libs/armv7l-linuxVX/build/include/ -I/inxware/ert-contrib-middleware/inx_build_scripts/../../ert-build-support/kernel-dependencies/ 
configure:4265: CFLAGS note: CFLAGS should only be used to specify C compiler flags, not include directories. Use CPPFLAGS for: -I/inxware/ert-contrib-middleware/inx_build_scripts/../target_libs/armv7l-linux-VX_VX_base/build/include
configure:4265: CFLAGS note: CFLAGS should only be used to specify C compiler flags, not include directories. Use CPPFLAGS for: -I/inxware/ert-contrib-middleware/inx_build_scripts/../../ert-build-support/support_libs/target_libs/armv7l-linuxVX/build/include/
configure:4265: CFLAGS note: CFLAGS should only be used to specify C compiler flags, not include directories. Use CPPFLAGS for: -I/inxware/ert-contrib-middleware/inx_build_scripts/../../ert-build-support/kernel-dependencies/
configure:4288: WARNING: Continuing even with errors mentioned immediately above this line.
configure:4308: checking for a BSD-compatible install
configure:4381: result: /usr/bin/install -c
configure:4413: checking for armv7l-linux-gcc
configure:4445: result: clang
configure:4843: checking for C compiler version
configure:4852: clang --version >&5
clang version 7.0.1-8+deb10u2 (tags/RELEASE_701/final)
Target: x86_64-pc-linux-gnu
Thread model: posix
InstalledDir: /usr/bin
configure:4863: $? = 0
configure:4852: clang -v >&5
clang version 7.0.1-8+deb10u2 (tags/RELEASE_701/final)
Target: x86_64-pc-linux-gnu
Thread model: posix
InstalledDir: /usr/bin
Found candidate GCC installation: /usr/bin/../lib/gcc/x86_64-linux-gnu/8
Found candidate GCC installation: /usr/lib/gcc/x86_64-linux-gnu/8
Selected GCC installation: /usr/bin/../lib/gcc/x86_64-linux-gnu/8
Candidate multilib: .;@m64
Selected multilib: .;@m64
configure:4863: $? = 0
configure:4852: clang -V >&5
clang: error: argument to '-V' is missing (expected 1 value)
clang: error: no input files
configure:4863: $? = 1
configure:4852: clang -qversion >&5
clang: error: unknown argument '-qversion', did you mean '--version'?
clang: error: no input files
configure:4863: $? = 1
configure:4852: clang -version >&5
clang: error: unknown argument '-version', did you mean '--version'?
clang: error: no input files
configure:4863: $? = 1
configure:4882: checking whether the C compiler works
configure:4904: clang  -I/inxware/ert-contrib-middleware/inx_build_scripts/../target_libs/armv7l-linux-VX_VX_base/build/include -I/inxware/ert-contrib-middleware/inx_build_scripts/../../ert-build-support/support_libs/target_libs/armv7l-linuxVX/build/include/ -I/inxware/ert-contrib-middleware/inx_build_scripts/../../ert-build-support/kernel-dependencies/    -L/inxware/ert-contrib-middleware/inx_build_scripts/../target_libs/armv7l-linux-VX_VX_base/build/lib  -L/inxware/ert-contrib-middleware/inx_build_scripts/../../ert-build-support/support_libs/target_libs/armv7l-linuxVX/build/lib  -L/inxware/ert-contrib-middleware/inx_build_scripts/../target_libs/armv7l-linux-VX_VX_base/build/lib/../usr/lib/armv7l-linux/  conftest.c  >&5
configure:4908: $? = 0
configure:4958: result: yes
configure:4961: checking for C compiler default output file name
configure:4963: result: a.out
configure:4969: checking for suffix of executables
configure:4976: clang -o conftest  -I/inxware/ert-contrib-middleware/inx_build_scripts/../target_libs/armv7l-linux-VX_VX_base/build/include -I/inxware/ert-contrib-middleware/inx_build_scripts/../../ert-build-support/support_libs/target_libs/armv7l-linuxVX/build/include/ -I/inxware/ert-contrib-middleware/inx_build_scripts/../../ert-build-support/kernel-dependencies/    -L/inxware/ert-contrib-middleware/inx_build_scripts/../target_libs/armv7l-linux-VX_VX_base/build/lib  -L/inxware/ert-contrib-middleware/inx_build_scripts/../../ert-build-support/support_libs/target_libs/armv7l-linuxVX/build/lib  -L/inxware/ert-contrib-middleware/inx_build_scripts/../target_libs/armv7l-linux-VX_VX_base/build/lib/../usr/lib/armv7l-linux/  conftest.c  >&5
configure:4980: $? = 0
configure:5003: result: 
configure:5024: checking whether we are cross compiling
configure:5062: result: yes
configure:5067: checking for suffix of object files
configure:5089: clang -c  -I/inxware/ert-contrib-middleware/inx_build_scripts/../target_libs/armv7l-linux-VX_VX_base/build/include -I/inxware/ert-contrib-middleware/inx_build_scripts/../../ert-build-support/support_libs/target_libs/armv7l-linuxVX/build/include/ -I/inxware/ert-contrib-middleware/inx_build_scripts/../../ert-build-support/kernel-dependencies/   conftest.c >&5
configure:5093: $? = 0
configure:5115: result: o
configure:5119: checking whether the compiler supports GNU C
configure:5138: clang -c  -I/inxware/ert-contrib-middleware/inx_build_scripts/../target_libs/armv7l-linux-VX_VX_base/build/include -I/inxware/ert-contrib-middleware/inx_build_scripts/../../ert-build-support/support_libs/target_libs/armv7l-linuxVX/build/include/ -I/inxware/ert-contrib-middleware/inx_build_scripts/../../ert-build-support/kernel-dependencies/   conftest.c >&5
configure:5138: $? = 0
configure:5148: result: yes
configure:5159: checking whether clang accepts -g
configure:5179: clang -c -g  conftest.c >&5
configure:5179: $? = 0
configure:5221: result: yes
configure:5241: checking for clang option to enable C11 features
configure:5256: clang  -c  -I/inxware/ert-contrib-middleware/inx_build_scripts/../target_libs/armv7l-linux-VX_VX_base/build/include -I/inxware/ert-contrib-middleware/inx_build_scripts/../../ert-build-support/support_libs/target_libs/armv7l-linuxVX/build/include/ -I/inxware/ert-contrib-middleware/inx_build_scripts/../../ert-build-support/kernel-dependencies/   conftest.c >&5
configure:5256: $? = 0
configure:5274: result: none needed
configure:5390: checking whether clang understands -c and -o together
configure:5412: clang -c conftest.c -o conftest2.o
configure:5415: $? = 0
configure:5412: clang -c conftest.c -o conftest2.o
configure:5415: $? = 0
configure:5427: result: yes
configure:5450: checking how to run the C preprocessor
configure:5476: clang -E  conftest.c
configure:5476: $? = 0
configure:5491: clang -E  conftest.c
conftest.c:9:10: fatal error: 'ac_nonexistent.h' file not found
#include <ac_nonexistent.h>
         ^~~~~~~~~~~~~~~~~~
1 error generated.
configure:5491: $? = 1
configure: failed program was:
| /* confdefs.h */
| #define PACKAGE_NAME "curl"
| #define PACKAGE_TARNAME "curl"
| #define PACKAGE_VERSION "-"
| #define PACKAGE_STRING "curl -"
| #define PACKAGE_BUGREPORT "a suitable curl mailing list: https://curl.se/mail/"
| #define PACKAGE_URL ""
| /* end confdefs.h.  */
| #include <ac_nonexistent.h>
configure:5518: result: clang -E
configure:5532: clang -E  conftest.c
configure:5532: $? = 0
configure:5547: clang -E  conftest.c
conftest.c:9:10: fatal error: 'ac_nonexistent.h' file not found
#include <ac_nonexistent.h>
         ^~~~~~~~~~~~~~~~~~
1 error generated.
configure:5547: $? = 1
configure: failed program was:
| /* confdefs.h */
| #define PACKAGE_NAME "curl"
| #define PACKAGE_TARNAME "curl"
| #define PACKAGE_VERSION "-"
| #define PACKAGE_STRING "curl -"
| #define PACKAGE_BUGREPORT "a suitable curl mailing list: https://curl.se/mail/"
| #define PACKAGE_URL ""
| /* end confdefs.h.  */
| #include <ac_nonexistent.h>
configure:5593: checking for stdio.h
configure:5593: clang -c  -I/inxware/ert-contrib-middleware/inx_build_scripts/../target_libs/armv7l-linux-VX_VX_base/build/include -I/inxware/ert-contrib-middleware/inx_build_scripts/../../ert-build-support/support_libs/target_libs/armv7l-linuxVX/build/include/ -I/inxware/ert-contrib-middleware/inx_build_scripts/../../ert-build-support/kernel-dependencies/   conftest.c >&5
configure:5593: $? = 0
configure:5593: result: yes
configure:5593: checking for stdlib.h
configure:5593: clang -c  -I/inxware/ert-contrib-middleware/inx_build_scripts/../target_libs/armv7l-linux-VX_VX_base/build/include -I/inxware/ert-contrib-middleware/inx_build_scripts/../../ert-build-support/support_libs/target_libs/armv7l-linuxVX/build/include/ -I/inxware/ert-contrib-middleware/inx_build_scripts/../../ert-build-support/kernel-dependencies/   conftest.c >&5
configure:5593: $? = 0
configure:5593: result: yes
configure:5593: checking for string.h
configure:5593: clang -c  -I/inxware/ert-contrib-middleware/inx_build_scripts/../target_libs/armv7l-linux-VX_VX_base/build/include -I/inxware/ert-contrib-middleware/inx_build_scripts/../../ert-build-support/support_libs/target_libs/armv7l-linuxVX/build/include/ -I/inxware/ert-contrib-middleware/inx_build_scripts/../../ert-build-support/kernel-dependencies/   conftest.c >&5
configure:5593: $? = 0
configure:5593: result: yes
configure:5593: checking for inttypes.h
configure:5593: clang -c  -I/inxware/ert-contrib-middleware/inx_build_scripts/../target_libs/armv7l-linux-VX_VX_base/build/include -I/inxware/ert-contrib-middleware/inx_build_scripts/../../ert-build-support/support_libs/target_libs/armv7l-linuxVX/build/include/ -I/inxware/ert-contrib-middleware/inx_build_scripts/../../ert-build-support/kernel-dependencies/   conftest.c >&5
configure:5593: $? = 0
configure:5593: result: yes
configure:5593: checking for stdint.h
configure:5593: clang -c  -I/inxware/ert-contrib-middleware/inx_build_scripts/../target_libs/armv7l-linux-VX_VX_base/build/include -I/inxware/ert-contrib-middleware/inx_build_scripts/../../ert-build-support/support_libs/target_libs/armv7l-linuxVX/build/include/ -I/inxware/ert-contrib-middleware/inx_build_scripts/../../ert-build-support/kernel-dependencies/   conftest.c >&5
configure:5593: $? = 0
configure:5593: result: yes
configure:5593: checking for strings.h
configure:5593: clang -c  -I/inxware/ert-contrib-middleware/inx_build_scripts/../target_libs/armv7l-linux-VX_VX_base/build/include -I/inxware/ert-contrib-middleware/inx_build_scripts/../../ert-build-support/support_libs/target_libs/armv7l-linuxVX/build/include/ -I/inxware/ert-contrib-middleware/inx_build_scripts/../../ert-build-support/kernel-dependencies/   conftest.c >&5
configure:5593: $? = 0
configure:5593: result: yes
configure:5593: checking for sys/stat.h
configure:5593: clang -c  -I/inxware/ert-contrib-middleware/inx_build_scripts/../target_libs/armv7l-linux-VX_VX_base/build/include -I/inxware/ert-contrib-middleware/inx_build_scripts/../../ert-build-support/support_libs/target_libs/armv7l-linuxVX/build/include/ -I/inxware/ert-contrib-middleware/inx_build_scripts/../../ert-build-support/kernel-dependencies/   conftest.c >&5
configure:5593: $? = 0
configure:5593: result: yes
configure:5593: checking for sys/types.h
configure:5593: clang -c  -I/inxware/ert-contrib-middleware/inx_build_scripts/../target_libs/armv7l-linux-VX_VX_base/build/include -I/inxware/ert-contrib-middleware/inx_build_scripts/../../ert-build-support/support_libs/target_libs/armv7l-linuxVX/build/include/ -I/inxware/ert-contrib-middleware/inx_build_scripts/../../ert-build-support/kernel-dependencies/   conftest.c >&5
configure:5593: $? = 0
configure:5593: result: yes
configure:5593: checking for unistd.h
configure:5593: clang -c  -I/inxware/ert-contrib-middleware/inx_build_scripts/../target_libs/armv7l-linux-VX_VX_base/build/include -I/inxware/ert-contrib-middleware/inx_build_scripts/../../ert-build-support/support_libs/target_libs/armv7l-linuxVX/build/include/ -I/inxware/ert-contrib-middleware/inx_build_scripts/../../ert-build-support/kernel-dependencies/   conftest.c >&5
configure:5593: $? = 0
configure:5593: result: yes
configure:5621: checking for stdatomic.h
configure:5621: clang -c  -I/inxware/ert-contrib-middleware/inx_build_scripts/../target_libs/armv7l-linux-VX_VX_base/build/include -I/inxware/ert-contrib-middleware/inx_build_scripts/../../ert-build-support/support_libs/target_libs/armv7l-linuxVX/build/include/ -I/inxware/ert-contrib-middleware/inx_build_scripts/../../ert-build-support/kernel-dependencies/   conftest.c >&5
configure:5621: $? = 0
configure:5621: result: yes
configure:5626: checking if _Atomic is available
configure:5645: clang -o conftest  -I/inxware/ert-contrib-middleware/inx_build_scripts/../target_libs/armv7l-linux-VX_VX_base/build/include -I/inxware/ert-contrib-middleware/inx_build_scripts/../../ert-build-support/support_libs/target_libs/armv7l-linuxVX/build/include/ -I/inxware/ert-contrib-middleware/inx_build_scripts/../../ert-build-support/kernel-dependencies/    -L/inxware/ert-contrib-middleware/inx_build_scripts/../target_libs/armv7l-linux-VX_VX_base/build/lib  -L/inxware/ert-contrib-middleware/inx_build_scripts/../../ert-build-support/support_libs/target_libs/armv7l-linuxVX/build/lib  -L/inxware/ert-contrib-middleware/inx_build_scripts/../target_libs/armv7l-linux-VX_VX_base/build/lib/../usr/lib/armv7l-linux/  conftest.c  >&5
configure:5645: $? = 0
configure:5648: result: yes
configure:5670: checking for a sed that does not truncate output
configure:5740: result: /bin/sed
configure:5748: checking for code coverage support
configure:5764: result: no
configure:5929: checking whether build environment is sane
configure:5984: result: yes
configure:6034: checking for armv7l-linux-strip
configure:6069: result: no
configure:6079: checking for strip
configure:6100: found /usr/bin/strip
configure:6111: result: strip
configure:6123: WARNING: using cross tools not prefixed with host triplet
configure:6137: checking for a race-free mkdir -p
configure:6181: result: /bin/mkdir -p
configure:6188: checking for gawk
configure:6223: result: no
configure:6188: checking for mawk
configure:6209: found /usr/bin/mawk
configure:6220: result: mawk
configure:6231: checking whether make sets $(MAKE)
configure:6254: result: yes
configure:6276: checking whether make supports the include directive
configure:6291: make -f confmf.GNU && cat confinc.out
this is the am__doit target
configure:6294: $? = 0
configure:6313: result: yes (GNU style)
configure:6410: checking dependency style of clang
configure:6522: result: gcc3
configure:6599: checking curl version
configure:6601: result: 7.85.0
configure:6852: checking build system type
configure:6867: result: x86_64-pc-linux-gnu
configure:6887: checking host system type
configure:6901: result: armv7l-unknown-linux-gnu
configure:6930: checking for grep that handles long lines and -e
configure:6994: result: /bin/grep
configure:6999: checking for egrep
configure:7067: result: /bin/grep -E
configure:7074: checking if OS is AIX (to define _ALL_SOURCE)
configure:7095: result: no
configure:7105: checking if _THREAD_SAFE is already defined
configure:7126: clang -c  -I/inxware/ert-contrib-middleware/inx_build_scripts/../target_libs/armv7l-linux-VX_VX_base/build/include -I/inxware/ert-contrib-middleware/inx_build_scripts/../../ert-build-support/support_libs/target_libs/armv7l-linuxVX/build/include/ -I/inxware/ert-contrib-middleware/inx_build_scripts/../../ert-build-support/kernel-dependencies/   conftest.c >&5
conftest.c:33:7: error: use of undeclared identifier 'force'
      force compilation error
      ^
1 error generated.
configure:7126: $? = 1
configure: failed program was:
| /* confdefs.h */
| #define PACKAGE_NAME "curl"
| #define PACKAGE_TARNAME "curl"
| #define PACKAGE_VERSION "-"
| #define PACKAGE_STRING "curl -"
| #define PACKAGE_BUGREPORT "a suitable curl mailing list: https://curl.se/mail/"
| #define PACKAGE_URL ""
| #define HAVE_STDIO_H 1
| #define HAVE_STDLIB_H 1
| #define HAVE_STRING_H 1
| #define HAVE_INTTYPES_H 1
| #define HAVE_STDINT_H 1
| #define HAVE_STRINGS_H 1
| #define HAVE_SYS_STAT_H 1
| #define HAVE_SYS_TYPES_H 1
| #define HAVE_UNISTD_H 1
| #define STDC_HEADERS 1
| #define HAVE_STDATOMIC_H 1
| #define HAVE_ATOMIC 1
| #define PACKAGE "curl"
| #define VERSION "-"
| #define OS "armv7l-unknown-linux-gnu"
| /* end confdefs.h.  */
| 
| 
| 
| int main (void)
| {
| 
| #ifdef _THREAD_SAFE
|       int dummy=1;
| #else
|       force compilation error
| #endif
| 
|  ;
|  return 0;
| }
| 
configure:7135: result: no
configure:7143: checking if _THREAD_SAFE is actually needed
configure:7162: result: no
configure:7167: checking if _THREAD_SAFE is onwards defined
configure:7184: result: no
configure:7191: checking if _REENTRANT is already defined
configure:7212: clang -c  -I/inxware/ert-contrib-middleware/inx_build_scripts/../target_libs/armv7l-linux-VX_VX_base/build/include -I/inxware/ert-contrib-middleware/inx_build_scripts/../../ert-build-support/support_libs/target_libs/armv7l-linuxVX/build/include/ -I/inxware/ert-contrib-middleware/inx_build_scripts/../../ert-build-support/kernel-dependencies/   conftest.c >&5
conftest.c:33:7: error: use of undeclared identifier 'force'
      force compilation error
      ^
1 error generated.
configure:7212: $? = 1
configure: failed program was:
| /* confdefs.h */
| #define PACKAGE_NAME "curl"
| #define PACKAGE_TARNAME "curl"
| #define PACKAGE_VERSION "-"
| #define PACKAGE_STRING "curl -"
| #define PACKAGE_BUGREPORT "a suitable curl mailing list: https://curl.se/mail/"
| #define PACKAGE_URL ""
| #define HAVE_STDIO_H 1
| #define HAVE_STDLIB_H 1
| #define HAVE_STRING_H 1
| #define HAVE_INTTYPES_H 1
| #define HAVE_STDINT_H 1
| #define HAVE_STRINGS_H 1
| #define HAVE_SYS_STAT_H 1
| #define HAVE_SYS_TYPES_H 1
| #define HAVE_UNISTD_H 1
| #define STDC_HEADERS 1
| #define HAVE_STDATOMIC_H 1
| #define HAVE_ATOMIC 1
| #define PACKAGE "curl"
| #define VERSION "-"
| #define OS "armv7l-unknown-linux-gnu"
| /* end confdefs.h.  */
| 
| 
| 
| int main (void)
| {
| 
| #ifdef _REENTRANT
|       int dummy=1;
| #else
|       force compilation error
| #endif
| 
|  ;
|  return 0;
| }
| 
configure:7221: result: no
configure:7229: checking if _REENTRANT is actually needed
configure:7260: clang -c  -I/inxware/ert-contrib-middleware/inx_build_scripts/../target_libs/armv7l-linux-VX_VX_base/build/include -I/inxware/ert-contrib-middleware/inx_build_scripts/../../ert-build-support/support_libs/target_libs/armv7l-linuxVX/build/include/ -I/inxware/ert-contrib-middleware/inx_build_scripts/../../ert-build-support/kernel-dependencies/   conftest.c >&5
configure:7260: $? = 0
configure:7292: clang -c  -I/inxware/ert-contrib-middleware/inx_build_scripts/../target_libs/armv7l-linux-VX_VX_base/build/include -I/inxware/ert-contrib-middleware/inx_build_scripts/../../ert-build-support/support_libs/target_libs/armv7l-linuxVX/build/include/ -I/inxware/ert-contrib-middleware/inx_build_scripts/../../ert-build-support/kernel-dependencies/   conftest.c >&5
configure:7292: $? = 0
configure:7365: clang -o conftest  -I/inxware/ert-contrib-middleware/inx_build_scripts/../target_libs/armv7l-linux-VX_VX_base/build/include -I/inxware/ert-contrib-middleware/inx_build_scripts/../../ert-build-support/support_libs/target_libs/armv7l-linuxVX/build/include/ -I/inxware/ert-contrib-middleware/inx_build_scripts/../../ert-build-support/kernel-dependencies/    -L/inxware/ert-contrib-middleware/inx_build_scripts/../target_libs/armv7l-linux-VX_VX_base/build/lib  -L/inxware/ert-contrib-middleware/inx_build_scripts/../../ert-build-support/support_libs/target_libs/armv7l-linuxVX/build/lib  -L/inxware/ert-contrib-middleware/inx_build_scripts/../target_libs/armv7l-linux-VX_VX_base/build/lib/../usr/lib/armv7l-linux/  conftest.c  >&5
configure:7365: $? = 0
configure:7447: clang -o conftest  -I/inxware/ert-contrib-middleware/inx_build_scripts/../target_libs/armv7l-linux-VX_VX_base/build/include -I/inxware/ert-contrib-middleware/inx_build_scripts/../../ert-build-support/support_libs/target_libs/armv7l-linuxVX/build/include/ -I/inxware/ert-contrib-middleware/inx_build_scripts/../../ert-build-support/kernel-dependencies/    -L/inxware/ert-contrib-middleware/inx_build_scripts/../target_libs/armv7l-linux-VX_VX_base/build/lib  -L/inxware/ert-contrib-middleware/inx_build_scripts/../../ert-build-support/support_libs/target_libs/armv7l-linuxVX/build/lib  -L/inxware/ert-contrib-middleware/inx_build_scripts/../target_libs/armv7l-linux-VX_VX_base/build/lib/../usr/lib/armv7l-linux/  conftest.c  >&5
configure:7447: $? = 0
configure:7529: clang -o conftest  -I/inxware/ert-contrib-middleware/inx_build_scripts/../target_libs/armv7l-linux-VX_VX_base/build/include -I/inxware/ert-contrib-middleware/inx_build_scripts/../../ert-build-support/support_libs/target_libs/armv7l-linuxVX/build/include/ -I/inxware/ert-contrib-middleware/inx_build_scripts/../../ert-build-support/kernel-dependencies/    -L/inxware/ert-contrib-middleware/inx_build_scripts/../target_libs/armv7l-linux-VX_VX_base/build/lib  -L/inxware/ert-contrib-middleware/inx_build_scripts/../../ert-build-support/support_libs/target_libs/armv7l-linuxVX/build/lib  -L/inxware/ert-contrib-middleware/inx_build_scripts/../target_libs/armv7l-linux-VX_VX_base/build/lib/../usr/lib/armv7l-linux/  conftest.c  >&5
configure:7529: $? = 0
configure:7611: clang -o conftest  -I/inxware/ert-contrib-middleware/inx_build_scripts/../target_libs/armv7l-linux-VX_VX_base/build/include -I/inxware/ert-contrib-middleware/inx_build_scripts/../../ert-build-support/support_libs/target_libs/armv7l-linuxVX/build/include/ -I/inxware/ert-contrib-middleware/inx_build_scripts/../../ert-build-support/kernel-dependencies/    -L/inxware/ert-contrib-middleware/inx_build_scripts/../target_libs/armv7l-linux-VX_VX_base/build/lib  -L/inxware/ert-contrib-middleware/inx_build_scripts/../../ert-build-support/support_libs/target_libs/armv7l-linuxVX/build/lib  -L/inxware/ert-contrib-middleware/inx_build_scripts/../target_libs/armv7l-linux-VX_VX_base/build/lib/../usr/lib/armv7l-linux/  conftest.c  >&5
configure:7611: $? = 0
configure:7693: clang -o conftest  -I/inxware/ert-contrib-middleware/inx_build_scripts/../target_libs/armv7l-linux-VX_VX_base/build/include -I/inxware/ert-contrib-middleware/inx_build_scripts/../../ert-build-support/support_libs/target_libs/armv7l-linuxVX/build/include/ -I/inxware/ert-contrib-middleware/inx_build_scripts/../../ert-build-support/kernel-dependencies/    -L/inxware/ert-contrib-middleware/inx_build_scripts/../target_libs/armv7l-linux-VX_VX_base/build/lib  -L/inxware/ert-contrib-middleware/inx_build_scripts/../../ert-build-support/support_libs/target_libs/armv7l-linuxVX/build/lib  -L/inxware/ert-contrib-middleware/inx_build_scripts/../target_libs/armv7l-linux-VX_VX_base/build/lib/../usr/lib/armv7l-linux/  conftest.c  >&5
configure:7693: $? = 0
configure:7775: clang -o conftest  -I/inxware/ert-contrib-middleware/inx_build_scripts/../target_libs/armv7l-linux-VX_VX_base/build/include -I/inxware/ert-contrib-middleware/inx_build_scripts/../../ert-build-support/support_libs/target_libs/armv7l-linuxVX/build/include/ -I/inxware/ert-contrib-middleware/inx_build_scripts/../../ert-build-support/kernel-dependencies/    -L/inxware/ert-contrib-middleware/inx_build_scripts/../target_libs/armv7l-linux-VX_VX_base/build/lib  -L/inxware/ert-contrib-middleware/inx_build_scripts/../../ert-build-support/support_libs/target_libs/armv7l-linuxVX/build/lib  -L/inxware/ert-contrib-middleware/inx_build_scripts/../target_libs/armv7l-linux-VX_VX_base/build/lib/../usr/lib/armv7l-linux/  conftest.c  >&5
configure:7775: $? = 0
configure:7834: result: no
configure:7839: checking if _REENTRANT is onwards defined
configure:7856: result: no
configure:7870: checking for special C compiler options needed for large files
configure:7917: result: no
configure:7923: checking for _FILE_OFFSET_BITS value needed for large files
configure:7948: clang -c  -I/inxware/ert-contrib-middleware/inx_build_scripts/../target_libs/armv7l-linux-VX_VX_base/build/include -I/inxware/ert-contrib-middleware/inx_build_scripts/../../ert-build-support/support_libs/target_libs/armv7l-linuxVX/build/include/ -I/inxware/ert-contrib-middleware/inx_build_scripts/../../ert-build-support/kernel-dependencies/   conftest.c >&5
configure:7948: $? = 0
configure:7981: result: no
configure:8109: checking how to print strings
configure:8136: result: printf
configure:8157: checking for a sed that does not truncate output
configure:8227: result: /bin/sed
configure:8245: checking for fgrep
configure:8313: result: /bin/grep -F
configure:8349: checking for ld used by clang
configure:8417: result: ld
configure:8424: checking if the linker (ld) is GNU ld
configure:8440: result: yes
configure:8452: checking for BSD- or MS-compatible name lister (nm)
configure:8507: result: nm
configure:8647: checking the name lister (nm) interface
configure:8655: clang -c  -I/inxware/ert-contrib-middleware/inx_build_scripts/../target_libs/armv7l-linux-VX_VX_base/build/include -I/inxware/ert-contrib-middleware/inx_build_scripts/../../ert-build-support/support_libs/target_libs/armv7l-linuxVX/build/include/ -I/inxware/ert-contrib-middleware/inx_build_scripts/../../ert-build-support/kernel-dependencies/   conftest.c >&5
configure:8658: nm "conftest.o"
configure:8661: output
0000000000000000 B some_variable
configure:8662: result: BSD nm
configure:8665: checking whether ln -s works
configure:8669: result: yes
configure:8677: checking the maximum length of command line arguments
configure:8809: result: 1572864
configure:8857: checking how to convert x86_64-pc-linux-gnu file names to armv7l-unknown-linux-gnu format
configure:8898: result: func_convert_file_noop
configure:8905: checking how to convert x86_64-pc-linux-gnu file names to toolchain format
configure:8926: result: func_convert_file_noop
configure:8933: checking for ld option to reload object files
configure:8941: result: -r
configure:8975: checking for armv7l-linux-file
configure:9010: result: no
configure:9020: checking for file
configure:9041: found /usr/bin/file
configure:9052: result: file
configure:9083: checking for armv7l-linux-objdump
configure:9118: result: no
configure:9128: checking for objdump
configure:9149: found /usr/bin/objdump
configure:9160: result: objdump
configure:9189: checking how to recognize dependent libraries
configure:9390: result: pass_all
configure:9435: checking for armv7l-linux-dlltool
configure:9470: result: no
configure:9480: checking for dlltool
configure:9515: result: no
configure:9542: checking how to associate runtime and link libraries
configure:9570: result: printf %s\n
configure:9586: checking for armv7l-linux-ar
configure:9618: result: ar
configure:9720: checking for archiver @FILE support
configure:9737: clang -c  -I/inxware/ert-contrib-middleware/inx_build_scripts/../target_libs/armv7l-linux-VX_VX_base/build/include -I/inxware/ert-contrib-middleware/inx_build_scripts/../../ert-build-support/support_libs/target_libs/armv7l-linuxVX/build/include/ -I/inxware/ert-contrib-middleware/inx_build_scripts/../../ert-build-support/kernel-dependencies/   conftest.c >&5
configure:9737: $? = 0
configure:9741: ar cr libconftest.a @conftest.lst >&5
configure:9744: $? = 0
configure:9749: ar cr libconftest.a @conftest.lst >&5
ar: conftest.o: No such file or directory
configure:9752: $? = 1
configure:9751: result: @
configure:9769: checking for armv7l-linux-strip
configure:9801: result: strip
configure:9878: checking for armv7l-linux-ranlib
configure:9910: result: ranlib
configure:10057: checking command to parse nm output from clang object
configure:10211: clang -c  -I/inxware/ert-contrib-middleware/inx_build_scripts/../target_libs/armv7l-linux-VX_VX_base/build/include -I/inxware/ert-contrib-middleware/inx_build_scripts/../../ert-build-support/support_libs/target_libs/armv7l-linuxVX/build/include/ -I/inxware/ert-contrib-middleware/inx_build_scripts/../../ert-build-support/kernel-dependencies/   conftest.c >&5
configure:10214: $? = 0
configure:10218: nm conftest.o | /bin/sed -n -e 's/^.*[	 ]\([ABCDGIRSTW][ABCDGIRSTW]*\)[	 ][	 ]*\([_A-Za-z][_A-Za-z0-9]*\)$/\1 \2 \2/p' | /bin/sed '/ __gnu_lto/d' > conftest.nm
configure:10284: clang -o conftest  -I/inxware/ert-contrib-middleware/inx_build_scripts/../target_libs/armv7l-linux-VX_VX_base/build/include -I/inxware/ert-contrib-middleware/inx_build_scripts/../../ert-build-support/support_libs/target_libs/armv7l-linuxVX/build/include/ -I/inxware/ert-contrib-middleware/inx_build_scripts/../../ert-build-support/kernel-dependencies/    -L/inxware/ert-contrib-middleware/inx_build_scripts/../target_libs/armv7l-linux-VX_VX_base/build/lib  -L/inxware/ert-contrib-middleware/inx_build_scripts/../../ert-build-support/support_libs/target_libs/armv7l-linuxVX/build/lib  -L/inxware/ert-contrib-middleware/inx_build_scripts/../target_libs/armv7l-linux-VX_VX_base/build/lib/../usr/lib/armv7l-linux/  conftest.c conftstm.o >&5
configure:10287: $? = 0
configure:10325: result: ok
configure:10372: checking for sysroot
configure:10403: result: no
configure:10410: checking for a working dd
configure:10454: result: /bin/dd
configure:10458: checking how to truncate binary pipes
configure:10474: result: /bin/dd bs=4096 count=1
configure:10765: checking for armv7l-linux-mt
configure:10800: result: no
configure:10810: checking for mt
configure:10845: result: no
configure:10865: checking if : is a manifest tool
configure:10872: : '-?'
configure:10880: result: no
configure:11600: checking for dlfcn.h
configure:11600: clang -c  -I/inxware/ert-contrib-middleware/inx_build_scripts/../target_libs/armv7l-linux-VX_VX_base/build/include -I/inxware/ert-contrib-middleware/inx_build_scripts/../../ert-build-support/support_libs/target_libs/armv7l-linuxVX/build/include/ -I/inxware/ert-contrib-middleware/inx_build_scripts/../../ert-build-support/kernel-dependencies/   conftest.c >&5
configure:11600: $? = 0
configure:11600: result: yes
configure:12294: checking for objdir
configure:12310: result: .libs
configure:12574: checking if clang supports -fno-rtti -fno-exceptions
configure:12593: clang -c  -I/inxware/ert-contrib-middleware/inx_build_scripts/../target_libs/armv7l-linux-VX_VX_base/build/include -I/inxware/ert-contrib-middleware/inx_build_scripts/../../ert-build-support/support_libs/target_libs/armv7l-linuxVX/build/include/ -I/inxware/ert-contrib-middleware/inx_build_scripts/../../ert-build-support/kernel-dependencies/   -fno-rtti -fno-exceptions conftest.c >&5
configure:12597: $? = 0
configure:12610: result: yes
configure:12974: checking for clang option to produce PIC
configure:12982: result: -fPIC -DPIC
configure:12990: checking if clang PIC flag -fPIC -DPIC works
configure:13009: clang -c  -I/inxware/ert-contrib-middleware/inx_build_scripts/../target_libs/armv7l-linux-VX_VX_base/build/include -I/inxware/ert-contrib-middleware/inx_build_scripts/../../ert-build-support/support_libs/target_libs/armv7l-linuxVX/build/include/ -I/inxware/ert-contrib-middleware/inx_build_scripts/../../ert-build-support/kernel-dependencies/   -fPIC -DPIC -DPIC conftest.c >&5
configure:13013: $? = 0
configure:13026: result: yes
configure:13055: checking if clang static flag -static works
configure:13084: result: yes
configure:13099: checking if clang supports -c -o file.o
configure:13121: clang -c  -I/inxware/ert-contrib-middleware/inx_build_scripts/../target_libs/armv7l-linux-VX_VX_base/build/include -I/inxware/ert-contrib-middleware/inx_build_scripts/../../ert-build-support/support_libs/target_libs/armv7l-linuxVX/build/include/ -I/inxware/ert-contrib-middleware/inx_build_scripts/../../ert-build-support/kernel-dependencies/   -o out/conftest2.o conftest.c >&5
configure:13125: $? = 0
configure:13147: result: yes
configure:13155: checking if clang supports -c -o file.o
configure:13203: result: yes
configure:13236: checking whether the clang linker (ld) supports shared libraries
configure:14508: result: yes
configure:14545: checking whether -lc should be explicitly linked in
configure:14554: clang -c  -I/inxware/ert-contrib-middleware/inx_build_scripts/../target_libs/armv7l-linux-VX_VX_base/build/include -I/inxware/ert-contrib-middleware/inx_build_scripts/../../ert-build-support/support_libs/target_libs/armv7l-linuxVX/build/include/ -I/inxware/ert-contrib-middleware/inx_build_scripts/../../ert-build-support/kernel-dependencies/   conftest.c >&5
configure:14557: $? = 0
configure:14572: clang -shared  -fPIC -DPIC conftest.o  -v -Wl,-soname -Wl,conftest -o conftest 2\>\&1 \| /bin/grep  -lc  \>/dev/null 2\>\&1
configure:14575: $? = 0
configure:14589: result: no
configure:14749: checking dynamic linker characteristics
configure:15330: clang -o conftest  -I/inxware/ert-contrib-middleware/inx_build_scripts/../target_libs/armv7l-linux-VX_VX_base/build/include -I/inxware/ert-contrib-middleware/inx_build_scripts/../../ert-build-support/support_libs/target_libs/armv7l-linuxVX/build/include/ -I/inxware/ert-contrib-middleware/inx_build_scripts/../../ert-build-support/kernel-dependencies/    -L/inxware/ert-contrib-middleware/inx_build_scripts/../target_libs/armv7l-linux-VX_VX_base/build/lib  -L/inxware/ert-contrib-middleware/inx_build_scripts/../../ert-build-support/support_libs/target_libs/armv7l-linuxVX/build/lib  -L/inxware/ert-contrib-middleware/inx_build_scripts/../target_libs/armv7l-linux-VX_VX_base/build/lib/../usr/lib/armv7l-linux/  -Wl,-rpath -Wl,/foo conftest.c  >&5
configure:15330: $? = 0
configure:15581: result: GNU/Linux ld.so
configure:15703: checking how to hardcode library paths into programs
configure:15728: result: immediate
configure:16280: checking whether stripping libraries is possible
configure:16289: result: yes
configure:16331: checking if libtool supports shared libraries
configure:16333: result: yes
configure:16336: checking whether to build shared libraries
configure:16361: result: yes
configure:16364: checking whether to build static libraries
configure:16368: result: yes
configure:13187: checking whether to build shared libraries with -version-info
configure:13198: result: yes
configure:13205: checking whether to build shared libraries with -no-undefined
configure:13218: result: no
configure:13225: checking whether to build shared libraries with -mimpure-text
configure:13235: result: no
configure:13262: checking whether to build shared libraries with PIC
configure:13264: result: yes
configure:13266: checking whether to build static libraries with PIC
configure:13268: result: no
configure:13275: checking whether to build shared libraries only
configure:13283: result: no
configure:13290: checking whether to build static libraries only
configure:13298: result: no
configure:13388: checking for inline
configure:13405: clang -c  -I/inxware/ert-contrib-middleware/inx_build_scripts/../target_libs/armv7l-linux-VX_VX_base/build/include -I/inxware/ert-contrib-middleware/inx_build_scripts/../../ert-build-support/support_libs/target_libs/armv7l-linuxVX/build/include/ -I/inxware/ert-contrib-middleware/inx_build_scripts/../../ert-build-support/kernel-dependencies/   conftest.c >&5
configure:13405: $? = 0
configure:13414: result: inline
configure:13435: checking if cpp -P is needed
configure:13453: result: no
configure:13508: checking if compiler is DEC/Compaq/HP C
configure:13532: clang -E   conftest.c
configure:13532: $? = 0
configure:13577: clang -E   conftest.c
configure:13577: $? = 0
configure:13610: result: no
configure:13615: checking if compiler is HP-UX C
configure:13639: clang -E   conftest.c
configure:13639: $? = 0
configure:13671: result: no
configure:13676: checking if compiler is IBM C
configure:13700: clang -E   conftest.c
configure:13700: $? = 0
configure:13740: result: no
configure:13745: checking if compiler is Intel C
configure:13769: clang -E   conftest.c
configure:13769: $? = 0
configure:13855: result: no
configure:13860: checking if compiler is clang
configure:13884: clang -E   conftest.c
configure:13884: $? = 0
configure:13908: result: yes
configure:13910: checking if compiler is xlclang
configure:13934: clang -E   conftest.c
configure:13934: $? = 0
configure:13962: result: no
configure:13988: checking if compiler is GNU C
configure:14012: clang -E   conftest.c
configure:14012: $? = 0
configure:14094: result: no
configure:14099: checking if compiler is LCC
configure:14123: clang -E   conftest.c
configure:14123: $? = 0
configure:14155: result: no
configure:14160: checking if compiler is SGI MIPSpro C
configure:14184: clang -E   conftest.c
configure:14184: $? = 0
configure:14229: clang -E   conftest.c
configure:14229: $? = 0
configure:14274: clang -E   conftest.c
configure:14274: $? = 0
configure:14308: result: no
configure:14313: checking if compiler is SGI MIPS C
configure:14337: clang -E   conftest.c
configure:14337: $? = 0
configure:14382: clang -E   conftest.c
configure:14382: $? = 0
configure:14416: result: no
configure:14421: checking if compiler is SunPro C
configure:14445: clang -E   conftest.c
configure:14445: $? = 0
configure:14477: result: no
configure:14482: checking if compiler is Tiny C
configure:14506: clang -E   conftest.c
configure:14506: $? = 0
configure:14538: result: no
configure:14662: checking if compiler accepts some basic options
configure:14686: clang -c -I/inxware/ert-contrib-middleware/inx_build_scripts/../target_libs/armv7l-linux-VX_VX_base/build/include -I/inxware/ert-contrib-middleware/inx_build_scripts/../../ert-build-support/support_libs/target_libs/armv7l-linuxVX/build/include/ -I/inxware/ert-contrib-middleware/inx_build_scripts/../../ert-build-support/kernel-dependencies/ -Qunused-arguments -Wno-pointer-bool-conversion  conftest.c >&5
configure:14686: $? = 0
configure:14717: clang -o conftest -I/inxware/ert-contrib-middleware/inx_build_scripts/../target_libs/armv7l-linux-VX_VX_base/build/include -I/inxware/ert-contrib-middleware/inx_build_scripts/../../ert-build-support/support_libs/target_libs/armv7l-linuxVX/build/include/ -I/inxware/ert-contrib-middleware/inx_build_scripts/../../ert-build-support/kernel-dependencies/ -Qunused-arguments -Wno-pointer-bool-conversion   -L/inxware/ert-contrib-middleware/inx_build_scripts/../target_libs/armv7l-linux-VX_VX_base/build/lib  -L/inxware/ert-contrib-middleware/inx_build_scripts/../../ert-build-support/support_libs/target_libs/armv7l-linuxVX/build/lib  -L/inxware/ert-contrib-middleware/inx_build_scripts/../target_libs/armv7l-linux-VX_VX_base/build/lib/../usr/lib/armv7l-linux/  conftest.c  >&5
configure:14717: $? = 0
configure:14832: result: yes
configure:14834: compiler options added: -Qunused-arguments -Wno-pointer-bool-conversion 
configure:14895: checking if compiler optimizer assumed setting might be used
configure:14933: result: yes
configure:14979: checking if compiler accepts optimizer enabling options
configure:15015: clang -c -I/inxware/ert-contrib-middleware/inx_build_scripts/../target_libs/armv7l-linux-VX_VX_base/build/include -I/inxware/ert-contrib-middleware/inx_build_scripts/../../ert-build-support/support_libs/target_libs/armv7l-linuxVX/build/include/ -I/inxware/ert-contrib-middleware/inx_build_scripts/../../ert-build-support/kernel-dependencies/ -Qunused-arguments -Wno-pointer-bool-conversion -Os  conftest.c >&5
configure:15015: $? = 0
configure:15046: clang -o conftest -I/inxware/ert-contrib-middleware/inx_build_scripts/../target_libs/armv7l-linux-VX_VX_base/build/include -I/inxware/ert-contrib-middleware/inx_build_scripts/../../ert-build-support/support_libs/target_libs/armv7l-linuxVX/build/include/ -I/inxware/ert-contrib-middleware/inx_build_scripts/../../ert-build-support/kernel-dependencies/ -Qunused-arguments -Wno-pointer-bool-conversion -Os   -L/inxware/ert-contrib-middleware/inx_build_scripts/../target_libs/armv7l-linux-VX_VX_base/build/lib  -L/inxware/ert-contrib-middleware/inx_build_scripts/../../ert-build-support/support_libs/target_libs/armv7l-linuxVX/build/lib  -L/inxware/ert-contrib-middleware/inx_build_scripts/../target_libs/armv7l-linux-VX_VX_base/build/lib/../usr/lib/armv7l-linux/  conftest.c  >&5
configure:15046: $? = 0
configure:15161: result: yes
configure:15163: compiler options added: -Os
configure:16700: checking if compiler halts on compilation errors
configure:16717: clang -c -I/inxware/ert-contrib-middleware/inx_build_scripts/../target_libs/armv7l-linux-VX_VX_base/build/include -I/inxware/ert-contrib-middleware/inx_build_scripts/../../ert-build-support/support_libs/target_libs/armv7l-linuxVX/build/include/ -I/inxware/ert-contrib-middleware/inx_build_scripts/../../ert-build-support/kernel-dependencies/ -Qunused-arguments -Wno-pointer-bool-conversion -Os  conftest.c >&5
conftest.c:32:7: error: use of undeclared identifier 'force'
      force compilation error
      ^
1 error generated.
configure:16717: $? = 1
configure: failed program was:
| /* confdefs.h */
| #define PACKAGE_NAME "curl"
| #define PACKAGE_TARNAME "curl"
| #define PACKAGE_VERSION "-"
| #define PACKAGE_STRING "curl -"
| #define PACKAGE_BUGREPORT "a suitable curl mailing list: https://curl.se/mail/"
| #define PACKAGE_URL ""
| #define HAVE_STDIO_H 1
| #define HAVE_STDLIB_H 1
| #define HAVE_STRING_H 1
| #define HAVE_INTTYPES_H 1
| #define HAVE_STDINT_H 1
| #define HAVE_STRINGS_H 1
| #define HAVE_SYS_STAT_H 1
| #define HAVE_SYS_TYPES_H 1
| #define HAVE_UNISTD_H 1
| #define STDC_HEADERS 1
| #define HAVE_STDATOMIC_H 1
| #define HAVE_ATOMIC 1
| #define PACKAGE "curl"
| #define VERSION "-"
| #define OS "armv7l-unknown-linux-gnu"
| #define HAVE_DLFCN_H 1
| #define LT_OBJDIR ".libs/"
| /* end confdefs.h.  */
| 
| 
| 
| int main (void)
| {
| 
|       force compilation error
| 
|  ;
|  return 0;
| }
| 
configure:16726: result: yes
configure:16733: checking if compiler halts on negative sized arrays
configure:16751: clang -c -I/inxware/ert-contrib-middleware/inx_build_scripts/../target_libs/armv7l-linux-VX_VX_base/build/include -I/inxware/ert-contrib-middleware/inx_build_scripts/../../ert-build-support/support_libs/target_libs/armv7l-linuxVX/build/include/ -I/inxware/ert-contrib-middleware/inx_build_scripts/../../ert-build-support/kernel-dependencies/ -Qunused-arguments -Wno-pointer-bool-conversion -Os  conftest.c >&5
conftest.c:28:26: error: 'bad_t' declared as an array with a negative size
      typedef char bad_t[sizeof(char) == sizeof(int) ? -1 : -1 ];
                         ^~~~~~~~~~~~~~~~~~~~~~~~~~~~~~~~~~~~~
1 error generated.
configure:16751: $? = 1
configure: failed program was:
| /* confdefs.h */
| #define PACKAGE_NAME "curl"
| #define PACKAGE_TARNAME "curl"
| #define PACKAGE_VERSION "-"
| #define PACKAGE_STRING "curl -"
| #define PACKAGE_BUGREPORT "a suitable curl mailing list: https://curl.se/mail/"
| #define PACKAGE_URL ""
| #define HAVE_STDIO_H 1
| #define HAVE_STDLIB_H 1
| #define HAVE_STRING_H 1
| #define HAVE_INTTYPES_H 1
| #define HAVE_STDINT_H 1
| #define HAVE_STRINGS_H 1
| #define HAVE_SYS_STAT_H 1
| #define HAVE_SYS_TYPES_H 1
| #define HAVE_UNISTD_H 1
| #define STDC_HEADERS 1
| #define HAVE_STDATOMIC_H 1
| #define HAVE_ATOMIC 1
| #define PACKAGE "curl"
| #define VERSION "-"
| #define OS "armv7l-unknown-linux-gnu"
| #define HAVE_DLFCN_H 1
| #define LT_OBJDIR ".libs/"
| /* end confdefs.h.  */
| 
| 
|       typedef char bad_t[sizeof(char) == sizeof(int) ? -1 : -1 ];
| 
| int main (void)
| {
| 
|       bad_t dummy;
| 
|  ;
|  return 0;
| }
| 
configure:16760: result: yes
configure:16767: checking if compiler halts on function prototype mismatch
configure:16796: clang -c -I/inxware/ert-contrib-middleware/inx_build_scripts/../target_libs/armv7l-linux-VX_VX_base/build/include -I/inxware/ert-contrib-middleware/inx_build_scripts/../../ert-build-support/support_libs/target_libs/armv7l-linuxVX/build/include/ -I/inxware/ert-contrib-middleware/inx_build_scripts/../../ert-build-support/kernel-dependencies/ -Qunused-arguments -Wno-pointer-bool-conversion -Os  conftest.c >&5
conftest.c:29:11: error: conflicting types for 'rand'
      int rand(int n);
          ^
/usr/include/stdlib.h:453:12: note: previous declaration is here
extern int rand (void) __THROW;
           ^
conftest.c:30:11: error: conflicting types for 'rand'
      int rand(int n)
          ^
/usr/include/stdlib.h:453:12: note: previous declaration is here
extern int rand (void) __THROW;
           ^
conftest.c:42:20: error: too many arguments to function call, expected 0, have 1
      int j = rand(i[0]);
              ~~~~ ^~~~
/usr/include/stdlib.h:453:1: note: 'rand' declared here
extern int rand (void) __THROW;
^
3 errors generated.
configure:16796: $? = 1
configure: failed program was:
| /* confdefs.h */
| #define PACKAGE_NAME "curl"
| #define PACKAGE_TARNAME "curl"
| #define PACKAGE_VERSION "-"
| #define PACKAGE_STRING "curl -"
| #define PACKAGE_BUGREPORT "a suitable curl mailing list: https://curl.se/mail/"
| #define PACKAGE_URL ""
| #define HAVE_STDIO_H 1
| #define HAVE_STDLIB_H 1
| #define HAVE_STRING_H 1
| #define HAVE_INTTYPES_H 1
| #define HAVE_STDINT_H 1
| #define HAVE_STRINGS_H 1
| #define HAVE_SYS_STAT_H 1
| #define HAVE_SYS_TYPES_H 1
| #define HAVE_UNISTD_H 1
| #define STDC_HEADERS 1
| #define HAVE_STDATOMIC_H 1
| #define HAVE_ATOMIC 1
| #define PACKAGE "curl"
| #define VERSION "-"
| #define OS "armv7l-unknown-linux-gnu"
| #define HAVE_DLFCN_H 1
| #define LT_OBJDIR ".libs/"
| /* end confdefs.h.  */
| 
| 
| #     include <stdlib.h>
|       int rand(int n);
|       int rand(int n)
|       {
|         if(n)
|           return ++n;
|         else
|           return n;
|       }
| 
| int main (void)
| {
| 
|       int i[2]={0,0};
|       int j = rand(i[0]);
|       if(j)
|         return j;
| 
|  ;
|  return 0;
| }
| 
configure:16805: result: yes
configure:16812: checking if compiler supports hiding library internal symbols
configure:16907: clang -c -I/inxware/ert-contrib-middleware/inx_build_scripts/../target_libs/armv7l-linux-VX_VX_base/build/include -I/inxware/ert-contrib-middleware/inx_build_scripts/../../ert-build-support/support_libs/target_libs/armv7l-linuxVX/build/include/ -I/inxware/ert-contrib-middleware/inx_build_scripts/../../ert-build-support/kernel-dependencies/ -Qunused-arguments -Wno-pointer-bool-conversion -Os -fvisibility=hidden  conftest.c >&5
configure:16907: $? = 0
configure:16931: result: yes
configure:17121: checking for windows.h
configure:17152: clang -c -I/inxware/ert-contrib-middleware/inx_build_scripts/../target_libs/armv7l-linux-VX_VX_base/build/include -I/inxware/ert-contrib-middleware/inx_build_scripts/../../ert-build-support/support_libs/target_libs/armv7l-linuxVX/build/include/ -I/inxware/ert-contrib-middleware/inx_build_scripts/../../ert-build-support/kernel-dependencies/ -Qunused-arguments -Wno-pointer-bool-conversion -Os  conftest.c >&5
conftest.c:32:10: fatal error: 'windows.h' file not found
#include <windows.h>
         ^~~~~~~~~~~
1 error generated.
configure:17152: $? = 1
configure: failed program was:
| /* confdefs.h */
| #define PACKAGE_NAME "curl"
| #define PACKAGE_TARNAME "curl"
| #define PACKAGE_VERSION "-"
| #define PACKAGE_STRING "curl -"
| #define PACKAGE_BUGREPORT "a suitable curl mailing list: https://curl.se/mail/"
| #define PACKAGE_URL ""
| #define HAVE_STDIO_H 1
| #define HAVE_STDLIB_H 1
| #define HAVE_STRING_H 1
| #define HAVE_INTTYPES_H 1
| #define HAVE_STDINT_H 1
| #define HAVE_STRINGS_H 1
| #define HAVE_SYS_STAT_H 1
| #define HAVE_SYS_TYPES_H 1
| #define HAVE_UNISTD_H 1
| #define STDC_HEADERS 1
| #define HAVE_STDATOMIC_H 1
| #define HAVE_ATOMIC 1
| #define PACKAGE "curl"
| #define VERSION "-"
| #define OS "armv7l-unknown-linux-gnu"
| #define HAVE_DLFCN_H 1
| #define LT_OBJDIR ".libs/"
| /* end confdefs.h.  */
| 
| 
| #undef inline
| #ifndef WIN32_LEAN_AND_MEAN
| #define WIN32_LEAN_AND_MEAN
| #endif
| #include <windows.h>
| 
| int main (void)
| {
| 
| #if defined(__CYGWIN__) || defined(__CEGCC__)
|         HAVE_WINDOWS_H shall not be defined.
| #else
|         int dummy=2*WINVER;
| #endif
| 
|  ;
|  return 0;
| }
| 
configure:17165: result: no
configure:17176: checking whether build target is a native Windows one
configure:17220: result: no
configure:17466: checking whether build target supports WIN32 file API
configure:17549: result: no
configure:17555: checking whether build target supports WIN32 crypto API
configure:17603: result: no
configure:17618: checking for good-to-use Darwin CFLAGS
configure:17620: result: no
configure:17652: checking whether to link macOS CoreFoundation and SystemConfiguration framework
configure:17697: result: no
configure:17702: checking to see if the compiler supports __builtin_available()
configure:17720: clang -c -I/inxware/ert-contrib-middleware/inx_build_scripts/../target_libs/armv7l-linux-VX_VX_base/build/include -I/inxware/ert-contrib-middleware/inx_build_scripts/../../ert-build-support/support_libs/target_libs/armv7l-linuxVX/build/include/ -I/inxware/ert-contrib-middleware/inx_build_scripts/../../ert-build-support/kernel-dependencies/ -Qunused-arguments -Wno-pointer-bool-conversion -Os  conftest.c >&5
configure:17720: $? = 0
configure:17723: result: yes
configure:17739: checking whether to support http
configure:17778: result: yes
configure:17783: checking whether to support ftp
configure:17803: result: yes
configure:17808: checking whether to support file
configure:17828: result: yes
configure:17833: checking whether to support ldap
configure:17860: result: yes
configure:17865: checking whether to support ldaps
configure:17910: result: yes
configure:18223: checking whether to support rtsp
configure:18250: result: yes
configure:18262: checking whether to support proxies
configure:18283: result: yes
configure:18289: checking whether to support dict
configure:18309: result: yes
configure:18314: checking whether to support telnet
configure:18334: result: yes
configure:18339: checking whether to support tftp
configure:18359: result: yes
configure:18365: checking whether to support pop3
configure:18385: result: yes
configure:18392: checking whether to support imap
configure:18412: result: yes
configure:18419: checking whether to support smb
configure:18439: result: yes
configure:18445: checking whether to support smtp
configure:18465: result: yes
configure:18471: checking whether to support gopher
configure:18491: result: yes
configure:18497: checking whether to support mqtt
configure:18517: result: no
configure:18524: checking whether to provide built-in manual
configure:18540: result: yes
configure:18547: checking whether to enable generation of C code
configure:18566: result: yes
configure:18573: checking whether to use libgcc
configure:18589: result: no
configure:18596: checking if X/Open network library is required
configure:18616: clang -c -I/inxware/ert-contrib-middleware/inx_build_scripts/../target_libs/armv7l-linux-VX_VX_base/build/include -I/inxware/ert-contrib-middleware/inx_build_scripts/../../ert-build-support/support_libs/target_libs/armv7l-linuxVX/build/include/ -I/inxware/ert-contrib-middleware/inx_build_scripts/../../ert-build-support/kernel-dependencies/ -Qunused-arguments -Wno-pointer-bool-conversion -Os  conftest.c >&5
conftest.c:37:3: error: use of undeclared identifier 'force'
  force compilation error
  ^
1 error generated.
configure:18616: $? = 1
configure: failed program was:
| /* confdefs.h */
| #define PACKAGE_NAME "curl"
| #define PACKAGE_TARNAME "curl"
| #define PACKAGE_VERSION "-"
| #define PACKAGE_STRING "curl -"
| #define PACKAGE_BUGREPORT "a suitable curl mailing list: https://curl.se/mail/"
| #define PACKAGE_URL ""
| #define HAVE_STDIO_H 1
| #define HAVE_STDLIB_H 1
| #define HAVE_STRING_H 1
| #define HAVE_INTTYPES_H 1
| #define HAVE_STDINT_H 1
| #define HAVE_STRINGS_H 1
| #define HAVE_SYS_STAT_H 1
| #define HAVE_SYS_TYPES_H 1
| #define HAVE_UNISTD_H 1
| #define STDC_HEADERS 1
| #define HAVE_STDATOMIC_H 1
| #define HAVE_ATOMIC 1
| #define PACKAGE "curl"
| #define VERSION "-"
| #define OS "armv7l-unknown-linux-gnu"
| #define HAVE_DLFCN_H 1
| #define LT_OBJDIR ".libs/"
| #define HAVE_BUILTIN_AVAILABLE 1
| #define HAVE_LDAP_SSL 1
| /* end confdefs.h.  */
| 
| 
| int main (void)
| {
| #if defined(__hpux) && defined(_XOPEN_SOURCE) && (_XOPEN_SOURCE >= 600)
|   return 0;
| #elif defined(__hpux) && defined(_XOPEN_SOURCE_EXTENDED)
|   return 0;
| #else
|   force compilation error
| #endif
| }
| 
| 
configure:18624: result: no
configure:18628: checking for gethostbyname
configure:18628: clang -o conftest -I/inxware/ert-contrib-middleware/inx_build_scripts/../target_libs/armv7l-linux-VX_VX_base/build/include -I/inxware/ert-contrib-middleware/inx_build_scripts/../../ert-build-support/support_libs/target_libs/armv7l-linuxVX/build/include/ -I/inxware/ert-contrib-middleware/inx_build_scripts/../../ert-build-support/kernel-dependencies/ -Qunused-arguments -Wno-pointer-bool-conversion -Os   -L/inxware/ert-contrib-middleware/inx_build_scripts/../target_libs/armv7l-linux-VX_VX_base/build/lib  -L/inxware/ert-contrib-middleware/inx_build_scripts/../../ert-build-support/support_libs/target_libs/armv7l-linuxVX/build/lib  -L/inxware/ert-contrib-middleware/inx_build_scripts/../target_libs/armv7l-linux-VX_VX_base/build/lib/../usr/lib/armv7l-linux/  conftest.c  >&5
configure:18628: $? = 0
configure:18628: result: yes
configure:19058: checking for windows.h
configure:19102: result: no
configure:19113: checking for winsock2.h
configure:19158: result: no
configure:19187: checking for proto/bsdsocket.h
configure:19187: clang -c -I/inxware/ert-contrib-middleware/inx_build_scripts/../target_libs/armv7l-linux-VX_VX_base/build/include -I/inxware/ert-contrib-middleware/inx_build_scripts/../../ert-build-support/support_libs/target_libs/armv7l-linuxVX/build/include/ -I/inxware/ert-contrib-middleware/inx_build_scripts/../../ert-build-support/kernel-dependencies/ -Qunused-arguments -Wno-pointer-bool-conversion -Os  conftest.c >&5
conftest.c:45:10: fatal error: 'proto/bsdsocket.h' file not found
#include <proto/bsdsocket.h>
         ^~~~~~~~~~~~~~~~~~~
1 error generated.
configure:19187: $? = 1
configure: failed program was:
| /* confdefs.h */
| #define PACKAGE_NAME "curl"
| #define PACKAGE_TARNAME "curl"
| #define PACKAGE_VERSION "-"
| #define PACKAGE_STRING "curl -"
| #define PACKAGE_BUGREPORT "a suitable curl mailing list: https://curl.se/mail/"
| #define PACKAGE_URL ""
| #define HAVE_STDIO_H 1
| #define HAVE_STDLIB_H 1
| #define HAVE_STRING_H 1
| #define HAVE_INTTYPES_H 1
| #define HAVE_STDINT_H 1
| #define HAVE_STRINGS_H 1
| #define HAVE_SYS_STAT_H 1
| #define HAVE_SYS_TYPES_H 1
| #define HAVE_UNISTD_H 1
| #define STDC_HEADERS 1
| #define HAVE_STDATOMIC_H 1
| #define HAVE_ATOMIC 1
| #define PACKAGE "curl"
| #define VERSION "-"
| #define OS "armv7l-unknown-linux-gnu"
| #define HAVE_DLFCN_H 1
| #define LT_OBJDIR ".libs/"
| #define HAVE_BUILTIN_AVAILABLE 1
| #define HAVE_LDAP_SSL 1
| /* end confdefs.h.  */
| /* includes start */
| #if defined(HAVE_PROTO_BSDSOCKET_H)
| #  define __NO_NET_API
| #  define __USE_INLINE__
| #  include <proto/bsdsocket.h>
| #  ifdef HAVE_SYS_IOCTL_H
| #    include <sys/ioctl.h>
| #  endif
| #  ifdef __amigaos4__
| struct SocketIFace *ISocket = NULL;
| #  else
| struct Library *SocketBase = NULL;
| #  endif
| #  define select(a,b,c,d,e) WaitSelect(a,b,c,d,e,0)
| #endif
| /* includes end */
| 
| #include <proto/bsdsocket.h>
configure:19187: result: no
configure:19197: checking for connect in libraries
configure:19225: clang -o conftest -I/inxware/ert-contrib-middleware/inx_build_scripts/../target_libs/armv7l-linux-VX_VX_base/build/include -I/inxware/ert-contrib-middleware/inx_build_scripts/../../ert-build-support/support_libs/target_libs/armv7l-linuxVX/build/include/ -I/inxware/ert-contrib-middleware/inx_build_scripts/../../ert-build-support/kernel-dependencies/ -Qunused-arguments -Wno-pointer-bool-conversion -Os   -L/inxware/ert-contrib-middleware/inx_build_scripts/../target_libs/armv7l-linux-VX_VX_base/build/lib  -L/inxware/ert-contrib-middleware/inx_build_scripts/../../ert-build-support/support_libs/target_libs/armv7l-linuxVX/build/lib  -L/inxware/ert-contrib-middleware/inx_build_scripts/../target_libs/armv7l-linux-VX_VX_base/build/lib/../usr/lib/armv7l-linux/  conftest.c   >&5
configure:19225: $? = 0
configure:19244: result: yes
configure:19258: checking for sys/types.h
configure:19258: result: yes
configure:19264: checking for sys/time.h
configure:19264: clang -c -I/inxware/ert-contrib-middleware/inx_build_scripts/../target_libs/armv7l-linux-VX_VX_base/build/include -I/inxware/ert-contrib-middleware/inx_build_scripts/../../ert-build-support/support_libs/target_libs/armv7l-linuxVX/build/include/ -I/inxware/ert-contrib-middleware/inx_build_scripts/../../ert-build-support/kernel-dependencies/ -Qunused-arguments -Wno-pointer-bool-conversion -Os  conftest.c >&5
configure:19264: $? = 0
configure:19264: result: yes
configure:19271: checking for monotonic clock_gettime
configure:19298: clang -c -I/inxware/ert-contrib-middleware/inx_build_scripts/../target_libs/armv7l-linux-VX_VX_base/build/include -I/inxware/ert-contrib-middleware/inx_build_scripts/../../ert-build-support/support_libs/target_libs/armv7l-linuxVX/build/include/ -I/inxware/ert-contrib-middleware/inx_build_scripts/../../ert-build-support/kernel-dependencies/ -Qunused-arguments -Wno-pointer-bool-conversion -Os  conftest.c >&5
configure:19298: $? = 0
configure:19301: result: yes
configure:19319: checking for clock_gettime in libraries
configure:19355: clang -o conftest -I/inxware/ert-contrib-middleware/inx_build_scripts/../target_libs/armv7l-linux-VX_VX_base/build/include -I/inxware/ert-contrib-middleware/inx_build_scripts/../../ert-build-support/support_libs/target_libs/armv7l-linuxVX/build/include/ -I/inxware/ert-contrib-middleware/inx_build_scripts/../../ert-build-support/kernel-dependencies/ -Qunused-arguments -Wno-pointer-bool-conversion -Os   -L/inxware/ert-contrib-middleware/inx_build_scripts/../target_libs/armv7l-linux-VX_VX_base/build/lib  -L/inxware/ert-contrib-middleware/inx_build_scripts/../../ert-build-support/support_libs/target_libs/armv7l-linuxVX/build/lib  -L/inxware/ert-contrib-middleware/inx_build_scripts/../target_libs/armv7l-linux-VX_VX_base/build/lib/../usr/lib/armv7l-linux/  conftest.c  >&5
configure:19355: $? = 0
configure:19377: result: no additional lib required
configure:19563: checking for armv7l-linux-pkg-config
configure:19602: result: no
configure:19612: checking for pkg-config
configure:19636: found /usr/bin/pkg-config
configure:19648: result: /usr/bin/pkg-config
configure:19673: checking for zlib options with pkg-config
configure:19684: result: no
configure:19704: checking for inflateEnd in -lz
configure:19727: clang -o conftest -I/inxware/ert-contrib-middleware/inx_build_scripts/../target_libs/armv7l-linux-VX_VX_base/build/include -I/inxware/ert-contrib-middleware/inx_build_scripts/../../ert-build-support/support_libs/target_libs/armv7l-linuxVX/build/include/ -I/inxware/ert-contrib-middleware/inx_build_scripts/../../ert-build-support/kernel-dependencies/ -Qunused-arguments -Wno-pointer-bool-conversion -Os   -L/inxware/ert-contrib-middleware/inx_build_scripts/../target_libs/armv7l-linux-VX_VX_base/build/lib  -L/inxware/ert-contrib-middleware/inx_build_scripts/../../ert-build-support/support_libs/target_libs/armv7l-linuxVX/build/lib  -L/inxware/ert-contrib-middleware/inx_build_scripts/../target_libs/armv7l-linux-VX_VX_base/build/lib/../usr/lib/armv7l-linux/  conftest.c -lz   >&5
configure:19727: $? = 0
configure:19737: result: yes
configure:19755: checking for zlib.h
configure:19755: clang -c -I/inxware/ert-contrib-middleware/inx_build_scripts/../target_libs/armv7l-linux-VX_VX_base/build/include -I/inxware/ert-contrib-middleware/inx_build_scripts/../../ert-build-support/support_libs/target_libs/armv7l-linuxVX/build/include/ -I/inxware/ert-contrib-middleware/inx_build_scripts/../../ert-build-support/kernel-dependencies/ -Qunused-arguments -Wno-pointer-bool-conversion -Os  conftest.c >&5
configure:19755: $? = 0
configure:19755: result: yes
configure:19846: found both libz and libz.h header
configure:20044: checking for BrotliDecoderDecompress in -lbrotlidec
configure:20067: clang -o conftest -I/inxware/ert-contrib-middleware/inx_build_scripts/../target_libs/armv7l-linux-VX_VX_base/build/include -I/inxware/ert-contrib-middleware/inx_build_scripts/../../ert-build-support/support_libs/target_libs/armv7l-linuxVX/build/include/ -I/inxware/ert-contrib-middleware/inx_build_scripts/../../ert-build-support/kernel-dependencies/ -Qunused-arguments -Wno-pointer-bool-conversion -Os    -L/inxware/ert-contrib-middleware/inx_build_scripts/../target_libs/armv7l-linux-VX_VX_base/build/lib  -L/inxware/ert-contrib-middleware/inx_build_scripts/../../ert-build-support/support_libs/target_libs/armv7l-linuxVX/build/lib  -L/inxware/ert-contrib-middleware/inx_build_scripts/../target_libs/armv7l-linux-VX_VX_base/build/lib/../usr/lib/armv7l-linux/   conftest.c -lbrotlidec   -lz  >&5
/usr/bin/ld: cannot find -lbrotlidec
clang: error: linker command failed with exit code 1 (use -v to see invocation)
configure:20067: $? = 1
configure: failed program was:
| /* confdefs.h */
| #define PACKAGE_NAME "curl"
| #define PACKAGE_TARNAME "curl"
| #define PACKAGE_VERSION "-"
| #define PACKAGE_STRING "curl -"
| #define PACKAGE_BUGREPORT "a suitable curl mailing list: https://curl.se/mail/"
| #define PACKAGE_URL ""
| #define HAVE_STDIO_H 1
| #define HAVE_STDLIB_H 1
| #define HAVE_STRING_H 1
| #define HAVE_INTTYPES_H 1
| #define HAVE_STDINT_H 1
| #define HAVE_STRINGS_H 1
| #define HAVE_SYS_STAT_H 1
| #define HAVE_SYS_TYPES_H 1
| #define HAVE_UNISTD_H 1
| #define STDC_HEADERS 1
| #define HAVE_STDATOMIC_H 1
| #define HAVE_ATOMIC 1
| #define PACKAGE "curl"
| #define VERSION "-"
| #define OS "armv7l-unknown-linux-gnu"
| #define HAVE_DLFCN_H 1
| #define LT_OBJDIR ".libs/"
| #define HAVE_BUILTIN_AVAILABLE 1
| #define HAVE_LDAP_SSL 1
| #define HAVE_SYS_TYPES_H 1
| #define HAVE_SYS_TIME_H 1
| #define HAVE_CLOCK_GETTIME_MONOTONIC 1
| #define HAVE_ZLIB_H 1
| #define HAVE_LIBZ 1
| /* end confdefs.h.  */
| 
| 
| #ifdef __cplusplus
| extern "C"
| #endif
| char BrotliDecoderDecompress ();
| int main (void)
| {
| return BrotliDecoderDecompress ();
|  ;
|  return 0;
| }
configure:20077: result: no
configure:20090: checking for brotli/decode.h
configure:20090: clang -c -I/inxware/ert-contrib-middleware/inx_build_scripts/../target_libs/armv7l-linux-VX_VX_base/build/include -I/inxware/ert-contrib-middleware/inx_build_scripts/../../ert-build-support/support_libs/target_libs/armv7l-linuxVX/build/include/ -I/inxware/ert-contrib-middleware/inx_build_scripts/../../ert-build-support/kernel-dependencies/ -Qunused-arguments -Wno-pointer-bool-conversion -Os   conftest.c >&5
conftest.c:61:10: fatal error: 'brotli/decode.h' file not found
#include <brotli/decode.h>
         ^~~~~~~~~~~~~~~~~
1 error generated.
configure:20090: $? = 1
configure: failed program was:
| /* confdefs.h */
| #define PACKAGE_NAME "curl"
| #define PACKAGE_TARNAME "curl"
| #define PACKAGE_VERSION "-"
| #define PACKAGE_STRING "curl -"
| #define PACKAGE_BUGREPORT "a suitable curl mailing list: https://curl.se/mail/"
| #define PACKAGE_URL ""
| #define HAVE_STDIO_H 1
| #define HAVE_STDLIB_H 1
| #define HAVE_STRING_H 1
| #define HAVE_INTTYPES_H 1
| #define HAVE_STDINT_H 1
| #define HAVE_STRINGS_H 1
| #define HAVE_SYS_STAT_H 1
| #define HAVE_SYS_TYPES_H 1
| #define HAVE_UNISTD_H 1
| #define STDC_HEADERS 1
| #define HAVE_STDATOMIC_H 1
| #define HAVE_ATOMIC 1
| #define PACKAGE "curl"
| #define VERSION "-"
| #define OS "armv7l-unknown-linux-gnu"
| #define HAVE_DLFCN_H 1
| #define LT_OBJDIR ".libs/"
| #define HAVE_BUILTIN_AVAILABLE 1
| #define HAVE_LDAP_SSL 1
| #define HAVE_SYS_TYPES_H 1
| #define HAVE_SYS_TIME_H 1
| #define HAVE_CLOCK_GETTIME_MONOTONIC 1
| #define HAVE_ZLIB_H 1
| #define HAVE_LIBZ 1
| /* end confdefs.h.  */
| #include <stddef.h>
| #ifdef HAVE_STDIO_H
| # include <stdio.h>
| #endif
| #ifdef HAVE_STDLIB_H
| # include <stdlib.h>
| #endif
| #ifdef HAVE_STRING_H
| # include <string.h>
| #endif
| #ifdef HAVE_INTTYPES_H
| # include <inttypes.h>
| #endif
| #ifdef HAVE_STDINT_H
| # include <stdint.h>
| #endif
| #ifdef HAVE_STRINGS_H
| # include <strings.h>
| #endif
| #ifdef HAVE_SYS_TYPES_H
| # include <sys/types.h>
| #endif
| #ifdef HAVE_SYS_STAT_H
| # include <sys/stat.h>
| #endif
| #ifdef HAVE_UNISTD_H
| # include <unistd.h>
| #endif
| #include <brotli/decode.h>
configure:20090: result: no
configure:20309: checking for ZSTD_createDStream in -lzstd
configure:20332: clang -o conftest -I/inxware/ert-contrib-middleware/inx_build_scripts/../target_libs/armv7l-linux-VX_VX_base/build/include -I/inxware/ert-contrib-middleware/inx_build_scripts/../../ert-build-support/support_libs/target_libs/armv7l-linuxVX/build/include/ -I/inxware/ert-contrib-middleware/inx_build_scripts/../../ert-build-support/kernel-dependencies/ -Qunused-arguments -Wno-pointer-bool-conversion -Os    -L/inxware/ert-contrib-middleware/inx_build_scripts/../target_libs/armv7l-linux-VX_VX_base/build/lib  -L/inxware/ert-contrib-middleware/inx_build_scripts/../../ert-build-support/support_libs/target_libs/armv7l-linuxVX/build/lib  -L/inxware/ert-contrib-middleware/inx_build_scripts/../target_libs/armv7l-linux-VX_VX_base/build/lib/../usr/lib/armv7l-linux/   conftest.c -lzstd   -lz  >&5
/usr/bin/ld: cannot find -lzstd
clang: error: linker command failed with exit code 1 (use -v to see invocation)
configure:20332: $? = 1
configure: failed program was:
| /* confdefs.h */
| #define PACKAGE_NAME "curl"
| #define PACKAGE_TARNAME "curl"
| #define PACKAGE_VERSION "-"
| #define PACKAGE_STRING "curl -"
| #define PACKAGE_BUGREPORT "a suitable curl mailing list: https://curl.se/mail/"
| #define PACKAGE_URL ""
| #define HAVE_STDIO_H 1
| #define HAVE_STDLIB_H 1
| #define HAVE_STRING_H 1
| #define HAVE_INTTYPES_H 1
| #define HAVE_STDINT_H 1
| #define HAVE_STRINGS_H 1
| #define HAVE_SYS_STAT_H 1
| #define HAVE_SYS_TYPES_H 1
| #define HAVE_UNISTD_H 1
| #define STDC_HEADERS 1
| #define HAVE_STDATOMIC_H 1
| #define HAVE_ATOMIC 1
| #define PACKAGE "curl"
| #define VERSION "-"
| #define OS "armv7l-unknown-linux-gnu"
| #define HAVE_DLFCN_H 1
| #define LT_OBJDIR ".libs/"
| #define HAVE_BUILTIN_AVAILABLE 1
| #define HAVE_LDAP_SSL 1
| #define HAVE_SYS_TYPES_H 1
| #define HAVE_SYS_TIME_H 1
| #define HAVE_CLOCK_GETTIME_MONOTONIC 1
| #define HAVE_ZLIB_H 1
| #define HAVE_LIBZ 1
| /* end confdefs.h.  */
| 
| 
| #ifdef __cplusplus
| extern "C"
| #endif
| char ZSTD_createDStream ();
| int main (void)
| {
| return ZSTD_createDStream ();
|  ;
|  return 0;
| }
configure:20342: result: no
configure:20355: checking for zstd.h
configure:20355: clang -c -I/inxware/ert-contrib-middleware/inx_build_scripts/../target_libs/armv7l-linux-VX_VX_base/build/include -I/inxware/ert-contrib-middleware/inx_build_scripts/../../ert-build-support/support_libs/target_libs/armv7l-linuxVX/build/include/ -I/inxware/ert-contrib-middleware/inx_build_scripts/../../ert-build-support/kernel-dependencies/ -Qunused-arguments -Wno-pointer-bool-conversion -Os   conftest.c >&5
conftest.c:61:10: fatal error: 'zstd.h' file not found
#include <zstd.h>
         ^~~~~~~~
1 error generated.
configure:20355: $? = 1
configure: failed program was:
| /* confdefs.h */
| #define PACKAGE_NAME "curl"
| #define PACKAGE_TARNAME "curl"
| #define PACKAGE_VERSION "-"
| #define PACKAGE_STRING "curl -"
| #define PACKAGE_BUGREPORT "a suitable curl mailing list: https://curl.se/mail/"
| #define PACKAGE_URL ""
| #define HAVE_STDIO_H 1
| #define HAVE_STDLIB_H 1
| #define HAVE_STRING_H 1
| #define HAVE_INTTYPES_H 1
| #define HAVE_STDINT_H 1
| #define HAVE_STRINGS_H 1
| #define HAVE_SYS_STAT_H 1
| #define HAVE_SYS_TYPES_H 1
| #define HAVE_UNISTD_H 1
| #define STDC_HEADERS 1
| #define HAVE_STDATOMIC_H 1
| #define HAVE_ATOMIC 1
| #define PACKAGE "curl"
| #define VERSION "-"
| #define OS "armv7l-unknown-linux-gnu"
| #define HAVE_DLFCN_H 1
| #define LT_OBJDIR ".libs/"
| #define HAVE_BUILTIN_AVAILABLE 1
| #define HAVE_LDAP_SSL 1
| #define HAVE_SYS_TYPES_H 1
| #define HAVE_SYS_TIME_H 1
| #define HAVE_CLOCK_GETTIME_MONOTONIC 1
| #define HAVE_ZLIB_H 1
| #define HAVE_LIBZ 1
| /* end confdefs.h.  */
| #include <stddef.h>
| #ifdef HAVE_STDIO_H
| # include <stdio.h>
| #endif
| #ifdef HAVE_STDLIB_H
| # include <stdlib.h>
| #endif
| #ifdef HAVE_STRING_H
| # include <string.h>
| #endif
| #ifdef HAVE_INTTYPES_H
| # include <inttypes.h>
| #endif
| #ifdef HAVE_STDINT_H
| # include <stdint.h>
| #endif
| #ifdef HAVE_STRINGS_H
| # include <strings.h>
| #endif
| #ifdef HAVE_SYS_TYPES_H
| # include <sys/types.h>
| #endif
| #ifdef HAVE_SYS_STAT_H
| # include <sys/stat.h>
| #endif
| #ifdef HAVE_UNISTD_H
| # include <unistd.h>
| #endif
| #include <zstd.h>
configure:20355: result: no
configure:20415: checking for lber.h
configure:20454: clang -c -I/inxware/ert-contrib-middleware/inx_build_scripts/../target_libs/armv7l-linux-VX_VX_base/build/include -I/inxware/ert-contrib-middleware/inx_build_scripts/../../ert-build-support/support_libs/target_libs/armv7l-linuxVX/build/include/ -I/inxware/ert-contrib-middleware/inx_build_scripts/../../ert-build-support/kernel-dependencies/ -Qunused-arguments -Wno-pointer-bool-conversion -Os  conftest.c >&5
conftest.c:49:10: fatal error: 'lber.h' file not found
#include <lber.h>
         ^~~~~~~~
1 error generated.
configure:20454: $? = 1
configure: failed program was:
| /* confdefs.h */
| #define PACKAGE_NAME "curl"
| #define PACKAGE_TARNAME "curl"
| #define PACKAGE_VERSION "-"
| #define PACKAGE_STRING "curl -"
| #define PACKAGE_BUGREPORT "a suitable curl mailing list: https://curl.se/mail/"
| #define PACKAGE_URL ""
| #define HAVE_STDIO_H 1
| #define HAVE_STDLIB_H 1
| #define HAVE_STRING_H 1
| #define HAVE_INTTYPES_H 1
| #define HAVE_STDINT_H 1
| #define HAVE_STRINGS_H 1
| #define HAVE_SYS_STAT_H 1
| #define HAVE_SYS_TYPES_H 1
| #define HAVE_UNISTD_H 1
| #define STDC_HEADERS 1
| #define HAVE_STDATOMIC_H 1
| #define HAVE_ATOMIC 1
| #define PACKAGE "curl"
| #define VERSION "-"
| #define OS "armv7l-unknown-linux-gnu"
| #define HAVE_DLFCN_H 1
| #define LT_OBJDIR ".libs/"
| #define HAVE_BUILTIN_AVAILABLE 1
| #define HAVE_LDAP_SSL 1
| #define HAVE_SYS_TYPES_H 1
| #define HAVE_SYS_TIME_H 1
| #define HAVE_CLOCK_GETTIME_MONOTONIC 1
| #define HAVE_ZLIB_H 1
| #define HAVE_LIBZ 1
| /* end confdefs.h.  */
| 
| 
| #undef inline
| #ifdef HAVE_WINDOWS_H
| #ifndef WIN32_LEAN_AND_MEAN
| #define WIN32_LEAN_AND_MEAN
| #endif
| #include <windows.h>
| #else
| #ifdef HAVE_SYS_TYPES_H
| #include <sys/types.h>
| #endif
| #endif
| #ifndef NULL
| #define NULL (void *)0
| #endif
| #include <lber.h>
| 
| int main (void)
| {
| 
|         BerValue *bvp = NULL;
|         BerElement *bep = ber_init(bvp);
|         ber_free(bep, 1);
| 
|  ;
|  return 0;
| }
| 
configure:20467: result: no
configure:20531: checking for ldap.h
configure:20572: clang -c -I/inxware/ert-contrib-middleware/inx_build_scripts/../target_libs/armv7l-linux-VX_VX_base/build/include -I/inxware/ert-contrib-middleware/inx_build_scripts/../../ert-build-support/support_libs/target_libs/armv7l-linuxVX/build/include/ -I/inxware/ert-contrib-middleware/inx_build_scripts/../../ert-build-support/kernel-dependencies/ -Qunused-arguments -Wno-pointer-bool-conversion -Os  conftest.c >&5
conftest.c:52:10: fatal error: 'ldap.h' file not found
#include <ldap.h>
         ^~~~~~~~
1 error generated.
configure:20572: $? = 1
configure: failed program was:
| /* confdefs.h */
| #define PACKAGE_NAME "curl"
| #define PACKAGE_TARNAME "curl"
| #define PACKAGE_VERSION "-"
| #define PACKAGE_STRING "curl -"
| #define PACKAGE_BUGREPORT "a suitable curl mailing list: https://curl.se/mail/"
| #define PACKAGE_URL ""
| #define HAVE_STDIO_H 1
| #define HAVE_STDLIB_H 1
| #define HAVE_STRING_H 1
| #define HAVE_INTTYPES_H 1
| #define HAVE_STDINT_H 1
| #define HAVE_STRINGS_H 1
| #define HAVE_SYS_STAT_H 1
| #define HAVE_SYS_TYPES_H 1
| #define HAVE_UNISTD_H 1
| #define STDC_HEADERS 1
| #define HAVE_STDATOMIC_H 1
| #define HAVE_ATOMIC 1
| #define PACKAGE "curl"
| #define VERSION "-"
| #define OS "armv7l-unknown-linux-gnu"
| #define HAVE_DLFCN_H 1
| #define LT_OBJDIR ".libs/"
| #define HAVE_BUILTIN_AVAILABLE 1
| #define HAVE_LDAP_SSL 1
| #define HAVE_SYS_TYPES_H 1
| #define HAVE_SYS_TIME_H 1
| #define HAVE_CLOCK_GETTIME_MONOTONIC 1
| #define HAVE_ZLIB_H 1
| #define HAVE_LIBZ 1
| /* end confdefs.h.  */
| 
| 
| #undef inline
| #ifdef HAVE_WINDOWS_H
| #ifndef WIN32_LEAN_AND_MEAN
| #define WIN32_LEAN_AND_MEAN
| #endif
| #include <windows.h>
| #else
| #ifdef HAVE_SYS_TYPES_H
| #include <sys/types.h>
| #endif
| #endif
| #ifndef LDAP_DEPRECATED
| #define LDAP_DEPRECATED 1
| #endif
| #ifdef NEED_LBER_H
| #include <lber.h>
| #endif
| #include <ldap.h>
| 
| int main (void)
| {
| 
|         LDAP *ldp = ldap_init("dummy", LDAP_PORT);
|         int res = ldap_unbind(ldp);
| 
|  ;
|  return 0;
| }
| 
configure:20585: result: no
configure:20596: checking for ldap_ssl.h
configure:20639: clang -c -I/inxware/ert-contrib-middleware/inx_build_scripts/../target_libs/armv7l-linux-VX_VX_base/build/include -I/inxware/ert-contrib-middleware/inx_build_scripts/../../ert-build-support/support_libs/target_libs/armv7l-linuxVX/build/include/ -I/inxware/ert-contrib-middleware/inx_build_scripts/../../ert-build-support/kernel-dependencies/ -Qunused-arguments -Wno-pointer-bool-conversion -Os  conftest.c >&5
conftest.c:55:10: fatal error: 'ldap_ssl.h' file not found
#include <ldap_ssl.h>
         ^~~~~~~~~~~~
1 error generated.
configure:20639: $? = 1
configure: failed program was:
| /* confdefs.h */
| #define PACKAGE_NAME "curl"
| #define PACKAGE_TARNAME "curl"
| #define PACKAGE_VERSION "-"
| #define PACKAGE_STRING "curl -"
| #define PACKAGE_BUGREPORT "a suitable curl mailing list: https://curl.se/mail/"
| #define PACKAGE_URL ""
| #define HAVE_STDIO_H 1
| #define HAVE_STDLIB_H 1
| #define HAVE_STRING_H 1
| #define HAVE_INTTYPES_H 1
| #define HAVE_STDINT_H 1
| #define HAVE_STRINGS_H 1
| #define HAVE_SYS_STAT_H 1
| #define HAVE_SYS_TYPES_H 1
| #define HAVE_UNISTD_H 1
| #define STDC_HEADERS 1
| #define HAVE_STDATOMIC_H 1
| #define HAVE_ATOMIC 1
| #define PACKAGE "curl"
| #define VERSION "-"
| #define OS "armv7l-unknown-linux-gnu"
| #define HAVE_DLFCN_H 1
| #define LT_OBJDIR ".libs/"
| #define HAVE_BUILTIN_AVAILABLE 1
| #define HAVE_LDAP_SSL 1
| #define HAVE_SYS_TYPES_H 1
| #define HAVE_SYS_TIME_H 1
| #define HAVE_CLOCK_GETTIME_MONOTONIC 1
| #define HAVE_ZLIB_H 1
| #define HAVE_LIBZ 1
| /* end confdefs.h.  */
| 
| 
| #undef inline
| #ifdef HAVE_WINDOWS_H
| #ifndef WIN32_LEAN_AND_MEAN
| #define WIN32_LEAN_AND_MEAN
| #endif
| #include <windows.h>
| #else
| #ifdef HAVE_SYS_TYPES_H
| #include <sys/types.h>
| #endif
| #endif
| #ifndef LDAP_DEPRECATED
| #define LDAP_DEPRECATED 1
| #endif
| #ifdef NEED_LBER_H
| #include <lber.h>
| #endif
| #ifdef HAVE_LDAP_H
| #include <ldap.h>
| #endif
| #include <ldap_ssl.h>
| 
| int main (void)
| {
| 
|         LDAP *ldp = ldapssl_init("dummy", LDAPS_PORT, 1);
| 
|  ;
|  return 0;
| }
| 
configure:20652: result: no
configure:20738: checking for LDAP libraries
configure:20804: clang -o conftest -I/inxware/ert-contrib-middleware/inx_build_scripts/../target_libs/armv7l-linux-VX_VX_base/build/include -I/inxware/ert-contrib-middleware/inx_build_scripts/../../ert-build-support/support_libs/target_libs/armv7l-linuxVX/build/include/ -I/inxware/ert-contrib-middleware/inx_build_scripts/../../ert-build-support/kernel-dependencies/ -Qunused-arguments -Wno-pointer-bool-conversion -Os   -L/inxware/ert-contrib-middleware/inx_build_scripts/../target_libs/armv7l-linux-VX_VX_base/build/lib  -L/inxware/ert-contrib-middleware/inx_build_scripts/../../ert-build-support/support_libs/target_libs/armv7l-linuxVX/build/lib  -L/inxware/ert-contrib-middleware/inx_build_scripts/../target_libs/armv7l-linux-VX_VX_base/build/lib/../usr/lib/armv7l-linux/  conftest.c -lz  >&5
conftest.c:62:11: error: use of undeclared identifier 'BerValue'
          BerValue *bvp = NULL;
          ^
conftest.c:62:21: error: use of undeclared identifier 'bvp'
          BerValue *bvp = NULL;
                    ^
conftest.c:63:11: error: use of undeclared identifier 'BerElement'
          BerElement *bep = ber_init(bvp);
          ^
conftest.c:63:23: error: use of undeclared identifier 'bep'
          BerElement *bep = ber_init(bvp);
                      ^
conftest.c:63:29: warning: implicit declaration of function 'ber_init' is invalid in C99 [-Wimplicit-function-declaration]
          BerElement *bep = ber_init(bvp);
                            ^
conftest.c:63:38: error: use of undeclared identifier 'bvp'
          BerElement *bep = ber_init(bvp);
                                     ^
conftest.c:64:11: error: use of undeclared identifier 'LDAP'
          LDAP *ldp = ldap_init("dummy", LDAP_PORT);
          ^
conftest.c:64:17: error: use of undeclared identifier 'ldp'
          LDAP *ldp = ldap_init("dummy", LDAP_PORT);
                ^
conftest.c:64:23: warning: implicit declaration of function 'ldap_init' is invalid in C99 [-Wimplicit-function-declaration]
          LDAP *ldp = ldap_init("dummy", LDAP_PORT);
                      ^
conftest.c:64:42: error: use of undeclared identifier 'LDAP_PORT'
          LDAP *ldp = ldap_init("dummy", LDAP_PORT);
                                         ^
conftest.c:65:21: warning: implicit declaration of function 'ldap_unbind' is invalid in C99 [-Wimplicit-function-declaration]
          int res = ldap_unbind(ldp);
                    ^
conftest.c:65:33: error: use of undeclared identifier 'ldp'
          int res = ldap_unbind(ldp);
                                ^
conftest.c:66:11: warning: implicit declaration of function 'ber_free' is invalid in C99 [-Wimplicit-function-declaration]
          ber_free(bep, 1);
          ^
conftest.c:66:20: error: use of undeclared identifier 'bep'
          ber_free(bep, 1);
                   ^
4 warnings and 10 errors generated.
configure:20804: $? = 1
configure: failed program was:
| /* confdefs.h */
| #define PACKAGE_NAME "curl"
| #define PACKAGE_TARNAME "curl"
| #define PACKAGE_VERSION "-"
| #define PACKAGE_STRING "curl -"
| #define PACKAGE_BUGREPORT "a suitable curl mailing list: https://curl.se/mail/"
| #define PACKAGE_URL ""
| #define HAVE_STDIO_H 1
| #define HAVE_STDLIB_H 1
| #define HAVE_STRING_H 1
| #define HAVE_INTTYPES_H 1
| #define HAVE_STDINT_H 1
| #define HAVE_STRINGS_H 1
| #define HAVE_SYS_STAT_H 1
| #define HAVE_SYS_TYPES_H 1
| #define HAVE_UNISTD_H 1
| #define STDC_HEADERS 1
| #define HAVE_STDATOMIC_H 1
| #define HAVE_ATOMIC 1
| #define PACKAGE "curl"
| #define VERSION "-"
| #define OS "armv7l-unknown-linux-gnu"
| #define HAVE_DLFCN_H 1
| #define LT_OBJDIR ".libs/"
| #define HAVE_BUILTIN_AVAILABLE 1
| #define HAVE_LDAP_SSL 1
| #define HAVE_SYS_TYPES_H 1
| #define HAVE_SYS_TIME_H 1
| #define HAVE_CLOCK_GETTIME_MONOTONIC 1
| #define HAVE_ZLIB_H 1
| #define HAVE_LIBZ 1
| /* end confdefs.h.  */
| 
| 
| #undef inline
| #ifdef HAVE_WINDOWS_H
| #ifndef WIN32_LEAN_AND_MEAN
| #define WIN32_LEAN_AND_MEAN
| #endif
| #include <windows.h>
| #else
| #ifdef HAVE_SYS_TYPES_H
| #include <sys/types.h>
| #endif
| #endif
| #ifndef NULL
| #define NULL (void *)0
| #endif
| #ifndef LDAP_DEPRECATED
| #define LDAP_DEPRECATED 1
| #endif
| #ifdef NEED_LBER_H
| #include <lber.h>
| #endif
| #ifdef HAVE_LDAP_H
| #include <ldap.h>
| #endif
| 
| int main (void)
| {
| 
|           BerValue *bvp = NULL;
|           BerElement *bep = ber_init(bvp);
|           LDAP *ldp = ldap_init("dummy", LDAP_PORT);
|           int res = ldap_unbind(ldp);
|           ber_free(bep, 1);
| 
|  ;
|  return 0;
| }
| 
configure:20804: clang -o conftest -I/inxware/ert-contrib-middleware/inx_build_scripts/../target_libs/armv7l-linux-VX_VX_base/build/include -I/inxware/ert-contrib-middleware/inx_build_scripts/../../ert-build-support/support_libs/target_libs/armv7l-linuxVX/build/include/ -I/inxware/ert-contrib-middleware/inx_build_scripts/../../ert-build-support/kernel-dependencies/ -Qunused-arguments -Wno-pointer-bool-conversion -Os   -L/inxware/ert-contrib-middleware/inx_build_scripts/../target_libs/armv7l-linux-VX_VX_base/build/lib  -L/inxware/ert-contrib-middleware/inx_build_scripts/../../ert-build-support/support_libs/target_libs/armv7l-linuxVX/build/lib  -L/inxware/ert-contrib-middleware/inx_build_scripts/../target_libs/armv7l-linux-VX_VX_base/build/lib/../usr/lib/armv7l-linux/  conftest.c -lz  >&5
conftest.c:62:11: error: use of undeclared identifier 'BerValue'
          BerValue *bvp = NULL;
          ^
conftest.c:62:21: error: use of undeclared identifier 'bvp'
          BerValue *bvp = NULL;
                    ^
conftest.c:63:11: error: use of undeclared identifier 'BerElement'
          BerElement *bep = ber_init(bvp);
          ^
conftest.c:63:23: error: use of undeclared identifier 'bep'
          BerElement *bep = ber_init(bvp);
                      ^
conftest.c:63:29: warning: implicit declaration of function 'ber_init' is invalid in C99 [-Wimplicit-function-declaration]
          BerElement *bep = ber_init(bvp);
                            ^
conftest.c:63:38: error: use of undeclared identifier 'bvp'
          BerElement *bep = ber_init(bvp);
                                     ^
conftest.c:64:11: error: use of undeclared identifier 'LDAP'
          LDAP *ldp = ldap_init("dummy", LDAP_PORT);
          ^
conftest.c:64:17: error: use of undeclared identifier 'ldp'
          LDAP *ldp = ldap_init("dummy", LDAP_PORT);
                ^
conftest.c:64:23: warning: implicit declaration of function 'ldap_init' is invalid in C99 [-Wimplicit-function-declaration]
          LDAP *ldp = ldap_init("dummy", LDAP_PORT);
                      ^
conftest.c:64:42: error: use of undeclared identifier 'LDAP_PORT'
          LDAP *ldp = ldap_init("dummy", LDAP_PORT);
                                         ^
conftest.c:65:21: warning: implicit declaration of function 'ldap_unbind' is invalid in C99 [-Wimplicit-function-declaration]
          int res = ldap_unbind(ldp);
                    ^
conftest.c:65:33: error: use of undeclared identifier 'ldp'
          int res = ldap_unbind(ldp);
                                ^
conftest.c:66:11: warning: implicit declaration of function 'ber_free' is invalid in C99 [-Wimplicit-function-declaration]
          ber_free(bep, 1);
          ^
conftest.c:66:20: error: use of undeclared identifier 'bep'
          ber_free(bep, 1);
                   ^
4 warnings and 10 errors generated.
configure:20804: $? = 1
configure: failed program was:
| /* confdefs.h */
| #define PACKAGE_NAME "curl"
| #define PACKAGE_TARNAME "curl"
| #define PACKAGE_VERSION "-"
| #define PACKAGE_STRING "curl -"
| #define PACKAGE_BUGREPORT "a suitable curl mailing list: https://curl.se/mail/"
| #define PACKAGE_URL ""
| #define HAVE_STDIO_H 1
| #define HAVE_STDLIB_H 1
| #define HAVE_STRING_H 1
| #define HAVE_INTTYPES_H 1
| #define HAVE_STDINT_H 1
| #define HAVE_STRINGS_H 1
| #define HAVE_SYS_STAT_H 1
| #define HAVE_SYS_TYPES_H 1
| #define HAVE_UNISTD_H 1
| #define STDC_HEADERS 1
| #define HAVE_STDATOMIC_H 1
| #define HAVE_ATOMIC 1
| #define PACKAGE "curl"
| #define VERSION "-"
| #define OS "armv7l-unknown-linux-gnu"
| #define HAVE_DLFCN_H 1
| #define LT_OBJDIR ".libs/"
| #define HAVE_BUILTIN_AVAILABLE 1
| #define HAVE_LDAP_SSL 1
| #define HAVE_SYS_TYPES_H 1
| #define HAVE_SYS_TIME_H 1
| #define HAVE_CLOCK_GETTIME_MONOTONIC 1
| #define HAVE_ZLIB_H 1
| #define HAVE_LIBZ 1
| /* end confdefs.h.  */
| 
| 
| #undef inline
| #ifdef HAVE_WINDOWS_H
| #ifndef WIN32_LEAN_AND_MEAN
| #define WIN32_LEAN_AND_MEAN
| #endif
| #include <windows.h>
| #else
| #ifdef HAVE_SYS_TYPES_H
| #include <sys/types.h>
| #endif
| #endif
| #ifndef NULL
| #define NULL (void *)0
| #endif
| #ifndef LDAP_DEPRECATED
| #define LDAP_DEPRECATED 1
| #endif
| #ifdef NEED_LBER_H
| #include <lber.h>
| #endif
| #ifdef HAVE_LDAP_H
| #include <ldap.h>
| #endif
| 
| int main (void)
| {
| 
|           BerValue *bvp = NULL;
|           BerElement *bep = ber_init(bvp);
|           LDAP *ldp = ldap_init("dummy", LDAP_PORT);
|           int res = ldap_unbind(ldp);
|           ber_free(bep, 1);
| 
|  ;
|  return 0;
| }
| 
configure:20804: clang -o conftest -I/inxware/ert-contrib-middleware/inx_build_scripts/../target_libs/armv7l-linux-VX_VX_base/build/include -I/inxware/ert-contrib-middleware/inx_build_scripts/../../ert-build-support/support_libs/target_libs/armv7l-linuxVX/build/include/ -I/inxware/ert-contrib-middleware/inx_build_scripts/../../ert-build-support/kernel-dependencies/ -Qunused-arguments -Wno-pointer-bool-conversion -Os   -L/inxware/ert-contrib-middleware/inx_build_scripts/../target_libs/armv7l-linux-VX_VX_base/build/lib  -L/inxware/ert-contrib-middleware/inx_build_scripts/../../ert-build-support/support_libs/target_libs/armv7l-linuxVX/build/lib  -L/inxware/ert-contrib-middleware/inx_build_scripts/../target_libs/armv7l-linux-VX_VX_base/build/lib/../usr/lib/armv7l-linux/  conftest.c -lldap -lz  >&5
conftest.c:62:11: error: use of undeclared identifier 'BerValue'
          BerValue *bvp = NULL;
          ^
conftest.c:62:21: error: use of undeclared identifier 'bvp'
          BerValue *bvp = NULL;
                    ^
conftest.c:63:11: error: use of undeclared identifier 'BerElement'
          BerElement *bep = ber_init(bvp);
          ^
conftest.c:63:23: error: use of undeclared identifier 'bep'
          BerElement *bep = ber_init(bvp);
                      ^
conftest.c:63:29: warning: implicit declaration of function 'ber_init' is invalid in C99 [-Wimplicit-function-declaration]
          BerElement *bep = ber_init(bvp);
                            ^
conftest.c:63:38: error: use of undeclared identifier 'bvp'
          BerElement *bep = ber_init(bvp);
                                     ^
conftest.c:64:11: error: use of undeclared identifier 'LDAP'
          LDAP *ldp = ldap_init("dummy", LDAP_PORT);
          ^
conftest.c:64:17: error: use of undeclared identifier 'ldp'
          LDAP *ldp = ldap_init("dummy", LDAP_PORT);
                ^
conftest.c:64:23: warning: implicit declaration of function 'ldap_init' is invalid in C99 [-Wimplicit-function-declaration]
          LDAP *ldp = ldap_init("dummy", LDAP_PORT);
                      ^
conftest.c:64:42: error: use of undeclared identifier 'LDAP_PORT'
          LDAP *ldp = ldap_init("dummy", LDAP_PORT);
                                         ^
conftest.c:65:21: warning: implicit declaration of function 'ldap_unbind' is invalid in C99 [-Wimplicit-function-declaration]
          int res = ldap_unbind(ldp);
                    ^
conftest.c:65:33: error: use of undeclared identifier 'ldp'
          int res = ldap_unbind(ldp);
                                ^
conftest.c:66:11: warning: implicit declaration of function 'ber_free' is invalid in C99 [-Wimplicit-function-declaration]
          ber_free(bep, 1);
          ^
conftest.c:66:20: error: use of undeclared identifier 'bep'
          ber_free(bep, 1);
                   ^
4 warnings and 10 errors generated.
configure:20804: $? = 1
configure: failed program was:
| /* confdefs.h */
| #define PACKAGE_NAME "curl"
| #define PACKAGE_TARNAME "curl"
| #define PACKAGE_VERSION "-"
| #define PACKAGE_STRING "curl -"
| #define PACKAGE_BUGREPORT "a suitable curl mailing list: https://curl.se/mail/"
| #define PACKAGE_URL ""
| #define HAVE_STDIO_H 1
| #define HAVE_STDLIB_H 1
| #define HAVE_STRING_H 1
| #define HAVE_INTTYPES_H 1
| #define HAVE_STDINT_H 1
| #define HAVE_STRINGS_H 1
| #define HAVE_SYS_STAT_H 1
| #define HAVE_SYS_TYPES_H 1
| #define HAVE_UNISTD_H 1
| #define STDC_HEADERS 1
| #define HAVE_STDATOMIC_H 1
| #define HAVE_ATOMIC 1
| #define PACKAGE "curl"
| #define VERSION "-"
| #define OS "armv7l-unknown-linux-gnu"
| #define HAVE_DLFCN_H 1
| #define LT_OBJDIR ".libs/"
| #define HAVE_BUILTIN_AVAILABLE 1
| #define HAVE_LDAP_SSL 1
| #define HAVE_SYS_TYPES_H 1
| #define HAVE_SYS_TIME_H 1
| #define HAVE_CLOCK_GETTIME_MONOTONIC 1
| #define HAVE_ZLIB_H 1
| #define HAVE_LIBZ 1
| /* end confdefs.h.  */
| 
| 
| #undef inline
| #ifdef HAVE_WINDOWS_H
| #ifndef WIN32_LEAN_AND_MEAN
| #define WIN32_LEAN_AND_MEAN
| #endif
| #include <windows.h>
| #else
| #ifdef HAVE_SYS_TYPES_H
| #include <sys/types.h>
| #endif
| #endif
| #ifndef NULL
| #define NULL (void *)0
| #endif
| #ifndef LDAP_DEPRECATED
| #define LDAP_DEPRECATED 1
| #endif
| #ifdef NEED_LBER_H
| #include <lber.h>
| #endif
| #ifdef HAVE_LDAP_H
| #include <ldap.h>
| #endif
| 
| int main (void)
| {
| 
|           BerValue *bvp = NULL;
|           BerElement *bep = ber_init(bvp);
|           LDAP *ldp = ldap_init("dummy", LDAP_PORT);
|           int res = ldap_unbind(ldp);
|           ber_free(bep, 1);
| 
|  ;
|  return 0;
| }
| 
configure:20804: clang -o conftest -I/inxware/ert-contrib-middleware/inx_build_scripts/../target_libs/armv7l-linux-VX_VX_base/build/include -I/inxware/ert-contrib-middleware/inx_build_scripts/../../ert-build-support/support_libs/target_libs/armv7l-linuxVX/build/include/ -I/inxware/ert-contrib-middleware/inx_build_scripts/../../ert-build-support/kernel-dependencies/ -Qunused-arguments -Wno-pointer-bool-conversion -Os   -L/inxware/ert-contrib-middleware/inx_build_scripts/../target_libs/armv7l-linux-VX_VX_base/build/lib  -L/inxware/ert-contrib-middleware/inx_build_scripts/../../ert-build-support/support_libs/target_libs/armv7l-linuxVX/build/lib  -L/inxware/ert-contrib-middleware/inx_build_scripts/../target_libs/armv7l-linux-VX_VX_base/build/lib/../usr/lib/armv7l-linux/  conftest.c -lldap -llber -lz  >&5
conftest.c:62:11: error: use of undeclared identifier 'BerValue'
          BerValue *bvp = NULL;
          ^
conftest.c:62:21: error: use of undeclared identifier 'bvp'
          BerValue *bvp = NULL;
                    ^
conftest.c:63:11: error: use of undeclared identifier 'BerElement'
          BerElement *bep = ber_init(bvp);
          ^
conftest.c:63:23: error: use of undeclared identifier 'bep'
          BerElement *bep = ber_init(bvp);
                      ^
conftest.c:63:29: warning: implicit declaration of function 'ber_init' is invalid in C99 [-Wimplicit-function-declaration]
          BerElement *bep = ber_init(bvp);
                            ^
conftest.c:63:38: error: use of undeclared identifier 'bvp'
          BerElement *bep = ber_init(bvp);
                                     ^
conftest.c:64:11: error: use of undeclared identifier 'LDAP'
          LDAP *ldp = ldap_init("dummy", LDAP_PORT);
          ^
conftest.c:64:17: error: use of undeclared identifier 'ldp'
          LDAP *ldp = ldap_init("dummy", LDAP_PORT);
                ^
conftest.c:64:23: warning: implicit declaration of function 'ldap_init' is invalid in C99 [-Wimplicit-function-declaration]
          LDAP *ldp = ldap_init("dummy", LDAP_PORT);
                      ^
conftest.c:64:42: error: use of undeclared identifier 'LDAP_PORT'
          LDAP *ldp = ldap_init("dummy", LDAP_PORT);
                                         ^
conftest.c:65:21: warning: implicit declaration of function 'ldap_unbind' is invalid in C99 [-Wimplicit-function-declaration]
          int res = ldap_unbind(ldp);
                    ^
conftest.c:65:33: error: use of undeclared identifier 'ldp'
          int res = ldap_unbind(ldp);
                                ^
conftest.c:66:11: warning: implicit declaration of function 'ber_free' is invalid in C99 [-Wimplicit-function-declaration]
          ber_free(bep, 1);
          ^
conftest.c:66:20: error: use of undeclared identifier 'bep'
          ber_free(bep, 1);
                   ^
4 warnings and 10 errors generated.
configure:20804: $? = 1
configure: failed program was:
| /* confdefs.h */
| #define PACKAGE_NAME "curl"
| #define PACKAGE_TARNAME "curl"
| #define PACKAGE_VERSION "-"
| #define PACKAGE_STRING "curl -"
| #define PACKAGE_BUGREPORT "a suitable curl mailing list: https://curl.se/mail/"
| #define PACKAGE_URL ""
| #define HAVE_STDIO_H 1
| #define HAVE_STDLIB_H 1
| #define HAVE_STRING_H 1
| #define HAVE_INTTYPES_H 1
| #define HAVE_STDINT_H 1
| #define HAVE_STRINGS_H 1
| #define HAVE_SYS_STAT_H 1
| #define HAVE_SYS_TYPES_H 1
| #define HAVE_UNISTD_H 1
| #define STDC_HEADERS 1
| #define HAVE_STDATOMIC_H 1
| #define HAVE_ATOMIC 1
| #define PACKAGE "curl"
| #define VERSION "-"
| #define OS "armv7l-unknown-linux-gnu"
| #define HAVE_DLFCN_H 1
| #define LT_OBJDIR ".libs/"
| #define HAVE_BUILTIN_AVAILABLE 1
| #define HAVE_LDAP_SSL 1
| #define HAVE_SYS_TYPES_H 1
| #define HAVE_SYS_TIME_H 1
| #define HAVE_CLOCK_GETTIME_MONOTONIC 1
| #define HAVE_ZLIB_H 1
| #define HAVE_LIBZ 1
| /* end confdefs.h.  */
| 
| 
| #undef inline
| #ifdef HAVE_WINDOWS_H
| #ifndef WIN32_LEAN_AND_MEAN
| #define WIN32_LEAN_AND_MEAN
| #endif
| #include <windows.h>
| #else
| #ifdef HAVE_SYS_TYPES_H
| #include <sys/types.h>
| #endif
| #endif
| #ifndef NULL
| #define NULL (void *)0
| #endif
| #ifndef LDAP_DEPRECATED
| #define LDAP_DEPRECATED 1
| #endif
| #ifdef NEED_LBER_H
| #include <lber.h>
| #endif
| #ifdef HAVE_LDAP_H
| #include <ldap.h>
| #endif
| 
| int main (void)
| {
| 
|           BerValue *bvp = NULL;
|           BerElement *bep = ber_init(bvp);
|           LDAP *ldp = ldap_init("dummy", LDAP_PORT);
|           int res = ldap_unbind(ldp);
|           ber_free(bep, 1);
| 
|  ;
|  return 0;
| }
| 
configure:20804: clang -o conftest -I/inxware/ert-contrib-middleware/inx_build_scripts/../target_libs/armv7l-linux-VX_VX_base/build/include -I/inxware/ert-contrib-middleware/inx_build_scripts/../../ert-build-support/support_libs/target_libs/armv7l-linuxVX/build/include/ -I/inxware/ert-contrib-middleware/inx_build_scripts/../../ert-build-support/kernel-dependencies/ -Qunused-arguments -Wno-pointer-bool-conversion -Os   -L/inxware/ert-contrib-middleware/inx_build_scripts/../target_libs/armv7l-linux-VX_VX_base/build/lib  -L/inxware/ert-contrib-middleware/inx_build_scripts/../../ert-build-support/support_libs/target_libs/armv7l-linuxVX/build/lib  -L/inxware/ert-contrib-middleware/inx_build_scripts/../target_libs/armv7l-linux-VX_VX_base/build/lib/../usr/lib/armv7l-linux/  conftest.c -llber -lldap -lz  >&5
conftest.c:62:11: error: use of undeclared identifier 'BerValue'
          BerValue *bvp = NULL;
          ^
conftest.c:62:21: error: use of undeclared identifier 'bvp'
          BerValue *bvp = NULL;
                    ^
conftest.c:63:11: error: use of undeclared identifier 'BerElement'
          BerElement *bep = ber_init(bvp);
          ^
conftest.c:63:23: error: use of undeclared identifier 'bep'
          BerElement *bep = ber_init(bvp);
                      ^
conftest.c:63:29: warning: implicit declaration of function 'ber_init' is invalid in C99 [-Wimplicit-function-declaration]
          BerElement *bep = ber_init(bvp);
                            ^
conftest.c:63:38: error: use of undeclared identifier 'bvp'
          BerElement *bep = ber_init(bvp);
                                     ^
conftest.c:64:11: error: use of undeclared identifier 'LDAP'
          LDAP *ldp = ldap_init("dummy", LDAP_PORT);
          ^
conftest.c:64:17: error: use of undeclared identifier 'ldp'
          LDAP *ldp = ldap_init("dummy", LDAP_PORT);
                ^
conftest.c:64:23: warning: implicit declaration of function 'ldap_init' is invalid in C99 [-Wimplicit-function-declaration]
          LDAP *ldp = ldap_init("dummy", LDAP_PORT);
                      ^
conftest.c:64:42: error: use of undeclared identifier 'LDAP_PORT'
          LDAP *ldp = ldap_init("dummy", LDAP_PORT);
                                         ^
conftest.c:65:21: warning: implicit declaration of function 'ldap_unbind' is invalid in C99 [-Wimplicit-function-declaration]
          int res = ldap_unbind(ldp);
                    ^
conftest.c:65:33: error: use of undeclared identifier 'ldp'
          int res = ldap_unbind(ldp);
                                ^
conftest.c:66:11: warning: implicit declaration of function 'ber_free' is invalid in C99 [-Wimplicit-function-declaration]
          ber_free(bep, 1);
          ^
conftest.c:66:20: error: use of undeclared identifier 'bep'
          ber_free(bep, 1);
                   ^
4 warnings and 10 errors generated.
configure:20804: $? = 1
configure: failed program was:
| /* confdefs.h */
| #define PACKAGE_NAME "curl"
| #define PACKAGE_TARNAME "curl"
| #define PACKAGE_VERSION "-"
| #define PACKAGE_STRING "curl -"
| #define PACKAGE_BUGREPORT "a suitable curl mailing list: https://curl.se/mail/"
| #define PACKAGE_URL ""
| #define HAVE_STDIO_H 1
| #define HAVE_STDLIB_H 1
| #define HAVE_STRING_H 1
| #define HAVE_INTTYPES_H 1
| #define HAVE_STDINT_H 1
| #define HAVE_STRINGS_H 1
| #define HAVE_SYS_STAT_H 1
| #define HAVE_SYS_TYPES_H 1
| #define HAVE_UNISTD_H 1
| #define STDC_HEADERS 1
| #define HAVE_STDATOMIC_H 1
| #define HAVE_ATOMIC 1
| #define PACKAGE "curl"
| #define VERSION "-"
| #define OS "armv7l-unknown-linux-gnu"
| #define HAVE_DLFCN_H 1
| #define LT_OBJDIR ".libs/"
| #define HAVE_BUILTIN_AVAILABLE 1
| #define HAVE_LDAP_SSL 1
| #define HAVE_SYS_TYPES_H 1
| #define HAVE_SYS_TIME_H 1
| #define HAVE_CLOCK_GETTIME_MONOTONIC 1
| #define HAVE_ZLIB_H 1
| #define HAVE_LIBZ 1
| /* end confdefs.h.  */
| 
| 
| #undef inline
| #ifdef HAVE_WINDOWS_H
| #ifndef WIN32_LEAN_AND_MEAN
| #define WIN32_LEAN_AND_MEAN
| #endif
| #include <windows.h>
| #else
| #ifdef HAVE_SYS_TYPES_H
| #include <sys/types.h>
| #endif
| #endif
| #ifndef NULL
| #define NULL (void *)0
| #endif
| #ifndef LDAP_DEPRECATED
| #define LDAP_DEPRECATED 1
| #endif
| #ifdef NEED_LBER_H
| #include <lber.h>
| #endif
| #ifdef HAVE_LDAP_H
| #include <ldap.h>
| #endif
| 
| int main (void)
| {
| 
|           BerValue *bvp = NULL;
|           BerElement *bep = ber_init(bvp);
|           LDAP *ldp = ldap_init("dummy", LDAP_PORT);
|           int res = ldap_unbind(ldp);
|           ber_free(bep, 1);
| 
|  ;
|  return 0;
| }
| 
configure:20804: clang -o conftest -I/inxware/ert-contrib-middleware/inx_build_scripts/../target_libs/armv7l-linux-VX_VX_base/build/include -I/inxware/ert-contrib-middleware/inx_build_scripts/../../ert-build-support/support_libs/target_libs/armv7l-linuxVX/build/include/ -I/inxware/ert-contrib-middleware/inx_build_scripts/../../ert-build-support/kernel-dependencies/ -Qunused-arguments -Wno-pointer-bool-conversion -Os   -L/inxware/ert-contrib-middleware/inx_build_scripts/../target_libs/armv7l-linux-VX_VX_base/build/lib  -L/inxware/ert-contrib-middleware/inx_build_scripts/../../ert-build-support/support_libs/target_libs/armv7l-linuxVX/build/lib  -L/inxware/ert-contrib-middleware/inx_build_scripts/../target_libs/armv7l-linux-VX_VX_base/build/lib/../usr/lib/armv7l-linux/  conftest.c -lldapssl -lldapx -lldapsdk -lz  >&5
conftest.c:62:11: error: use of undeclared identifier 'BerValue'
          BerValue *bvp = NULL;
          ^
conftest.c:62:21: error: use of undeclared identifier 'bvp'
          BerValue *bvp = NULL;
                    ^
conftest.c:63:11: error: use of undeclared identifier 'BerElement'
          BerElement *bep = ber_init(bvp);
          ^
conftest.c:63:23: error: use of undeclared identifier 'bep'
          BerElement *bep = ber_init(bvp);
                      ^
conftest.c:63:29: warning: implicit declaration of function 'ber_init' is invalid in C99 [-Wimplicit-function-declaration]
          BerElement *bep = ber_init(bvp);
                            ^
conftest.c:63:38: error: use of undeclared identifier 'bvp'
          BerElement *bep = ber_init(bvp);
                                     ^
conftest.c:64:11: error: use of undeclared identifier 'LDAP'
          LDAP *ldp = ldap_init("dummy", LDAP_PORT);
          ^
conftest.c:64:17: error: use of undeclared identifier 'ldp'
          LDAP *ldp = ldap_init("dummy", LDAP_PORT);
                ^
conftest.c:64:23: warning: implicit declaration of function 'ldap_init' is invalid in C99 [-Wimplicit-function-declaration]
          LDAP *ldp = ldap_init("dummy", LDAP_PORT);
                      ^
conftest.c:64:42: error: use of undeclared identifier 'LDAP_PORT'
          LDAP *ldp = ldap_init("dummy", LDAP_PORT);
                                         ^
conftest.c:65:21: warning: implicit declaration of function 'ldap_unbind' is invalid in C99 [-Wimplicit-function-declaration]
          int res = ldap_unbind(ldp);
                    ^
conftest.c:65:33: error: use of undeclared identifier 'ldp'
          int res = ldap_unbind(ldp);
                                ^
conftest.c:66:11: warning: implicit declaration of function 'ber_free' is invalid in C99 [-Wimplicit-function-declaration]
          ber_free(bep, 1);
          ^
conftest.c:66:20: error: use of undeclared identifier 'bep'
          ber_free(bep, 1);
                   ^
4 warnings and 10 errors generated.
configure:20804: $? = 1
configure: failed program was:
| /* confdefs.h */
| #define PACKAGE_NAME "curl"
| #define PACKAGE_TARNAME "curl"
| #define PACKAGE_VERSION "-"
| #define PACKAGE_STRING "curl -"
| #define PACKAGE_BUGREPORT "a suitable curl mailing list: https://curl.se/mail/"
| #define PACKAGE_URL ""
| #define HAVE_STDIO_H 1
| #define HAVE_STDLIB_H 1
| #define HAVE_STRING_H 1
| #define HAVE_INTTYPES_H 1
| #define HAVE_STDINT_H 1
| #define HAVE_STRINGS_H 1
| #define HAVE_SYS_STAT_H 1
| #define HAVE_SYS_TYPES_H 1
| #define HAVE_UNISTD_H 1
| #define STDC_HEADERS 1
| #define HAVE_STDATOMIC_H 1
| #define HAVE_ATOMIC 1
| #define PACKAGE "curl"
| #define VERSION "-"
| #define OS "armv7l-unknown-linux-gnu"
| #define HAVE_DLFCN_H 1
| #define LT_OBJDIR ".libs/"
| #define HAVE_BUILTIN_AVAILABLE 1
| #define HAVE_LDAP_SSL 1
| #define HAVE_SYS_TYPES_H 1
| #define HAVE_SYS_TIME_H 1
| #define HAVE_CLOCK_GETTIME_MONOTONIC 1
| #define HAVE_ZLIB_H 1
| #define HAVE_LIBZ 1
| /* end confdefs.h.  */
| 
| 
| #undef inline
| #ifdef HAVE_WINDOWS_H
| #ifndef WIN32_LEAN_AND_MEAN
| #define WIN32_LEAN_AND_MEAN
| #endif
| #include <windows.h>
| #else
| #ifdef HAVE_SYS_TYPES_H
| #include <sys/types.h>
| #endif
| #endif
| #ifndef NULL
| #define NULL (void *)0
| #endif
| #ifndef LDAP_DEPRECATED
| #define LDAP_DEPRECATED 1
| #endif
| #ifdef NEED_LBER_H
| #include <lber.h>
| #endif
| #ifdef HAVE_LDAP_H
| #include <ldap.h>
| #endif
| 
| int main (void)
| {
| 
|           BerValue *bvp = NULL;
|           BerElement *bep = ber_init(bvp);
|           LDAP *ldp = ldap_init("dummy", LDAP_PORT);
|           int res = ldap_unbind(ldp);
|           ber_free(bep, 1);
| 
|  ;
|  return 0;
| }
| 
configure:20804: clang -o conftest -I/inxware/ert-contrib-middleware/inx_build_scripts/../target_libs/armv7l-linux-VX_VX_base/build/include -I/inxware/ert-contrib-middleware/inx_build_scripts/../../ert-build-support/support_libs/target_libs/armv7l-linuxVX/build/include/ -I/inxware/ert-contrib-middleware/inx_build_scripts/../../ert-build-support/kernel-dependencies/ -Qunused-arguments -Wno-pointer-bool-conversion -Os   -L/inxware/ert-contrib-middleware/inx_build_scripts/../target_libs/armv7l-linux-VX_VX_base/build/lib  -L/inxware/ert-contrib-middleware/inx_build_scripts/../../ert-build-support/support_libs/target_libs/armv7l-linuxVX/build/lib  -L/inxware/ert-contrib-middleware/inx_build_scripts/../target_libs/armv7l-linux-VX_VX_base/build/lib/../usr/lib/armv7l-linux/  conftest.c -lldapsdk -lldapx -lldapssl -lz  >&5
conftest.c:62:11: error: use of undeclared identifier 'BerValue'
          BerValue *bvp = NULL;
          ^
conftest.c:62:21: error: use of undeclared identifier 'bvp'
          BerValue *bvp = NULL;
                    ^
conftest.c:63:11: error: use of undeclared identifier 'BerElement'
          BerElement *bep = ber_init(bvp);
          ^
conftest.c:63:23: error: use of undeclared identifier 'bep'
          BerElement *bep = ber_init(bvp);
                      ^
conftest.c:63:29: warning: implicit declaration of function 'ber_init' is invalid in C99 [-Wimplicit-function-declaration]
          BerElement *bep = ber_init(bvp);
                            ^
conftest.c:63:38: error: use of undeclared identifier 'bvp'
          BerElement *bep = ber_init(bvp);
                                     ^
conftest.c:64:11: error: use of undeclared identifier 'LDAP'
          LDAP *ldp = ldap_init("dummy", LDAP_PORT);
          ^
conftest.c:64:17: error: use of undeclared identifier 'ldp'
          LDAP *ldp = ldap_init("dummy", LDAP_PORT);
                ^
conftest.c:64:23: warning: implicit declaration of function 'ldap_init' is invalid in C99 [-Wimplicit-function-declaration]
          LDAP *ldp = ldap_init("dummy", LDAP_PORT);
                      ^
conftest.c:64:42: error: use of undeclared identifier 'LDAP_PORT'
          LDAP *ldp = ldap_init("dummy", LDAP_PORT);
                                         ^
conftest.c:65:21: warning: implicit declaration of function 'ldap_unbind' is invalid in C99 [-Wimplicit-function-declaration]
          int res = ldap_unbind(ldp);
                    ^
conftest.c:65:33: error: use of undeclared identifier 'ldp'
          int res = ldap_unbind(ldp);
                                ^
conftest.c:66:11: warning: implicit declaration of function 'ber_free' is invalid in C99 [-Wimplicit-function-declaration]
          ber_free(bep, 1);
          ^
conftest.c:66:20: error: use of undeclared identifier 'bep'
          ber_free(bep, 1);
                   ^
4 warnings and 10 errors generated.
configure:20804: $? = 1
configure: failed program was:
| /* confdefs.h */
| #define PACKAGE_NAME "curl"
| #define PACKAGE_TARNAME "curl"
| #define PACKAGE_VERSION "-"
| #define PACKAGE_STRING "curl -"
| #define PACKAGE_BUGREPORT "a suitable curl mailing list: https://curl.se/mail/"
| #define PACKAGE_URL ""
| #define HAVE_STDIO_H 1
| #define HAVE_STDLIB_H 1
| #define HAVE_STRING_H 1
| #define HAVE_INTTYPES_H 1
| #define HAVE_STDINT_H 1
| #define HAVE_STRINGS_H 1
| #define HAVE_SYS_STAT_H 1
| #define HAVE_SYS_TYPES_H 1
| #define HAVE_UNISTD_H 1
| #define STDC_HEADERS 1
| #define HAVE_STDATOMIC_H 1
| #define HAVE_ATOMIC 1
| #define PACKAGE "curl"
| #define VERSION "-"
| #define OS "armv7l-unknown-linux-gnu"
| #define HAVE_DLFCN_H 1
| #define LT_OBJDIR ".libs/"
| #define HAVE_BUILTIN_AVAILABLE 1
| #define HAVE_LDAP_SSL 1
| #define HAVE_SYS_TYPES_H 1
| #define HAVE_SYS_TIME_H 1
| #define HAVE_CLOCK_GETTIME_MONOTONIC 1
| #define HAVE_ZLIB_H 1
| #define HAVE_LIBZ 1
| /* end confdefs.h.  */
| 
| 
| #undef inline
| #ifdef HAVE_WINDOWS_H
| #ifndef WIN32_LEAN_AND_MEAN
| #define WIN32_LEAN_AND_MEAN
| #endif
| #include <windows.h>
| #else
| #ifdef HAVE_SYS_TYPES_H
| #include <sys/types.h>
| #endif
| #endif
| #ifndef NULL
| #define NULL (void *)0
| #endif
| #ifndef LDAP_DEPRECATED
| #define LDAP_DEPRECATED 1
| #endif
| #ifdef NEED_LBER_H
| #include <lber.h>
| #endif
| #ifdef HAVE_LDAP_H
| #include <ldap.h>
| #endif
| 
| int main (void)
| {
| 
|           BerValue *bvp = NULL;
|           BerElement *bep = ber_init(bvp);
|           LDAP *ldp = ldap_init("dummy", LDAP_PORT);
|           int res = ldap_unbind(ldp);
|           ber_free(bep, 1);
| 
|  ;
|  return 0;
| }
| 
configure:20804: clang -o conftest -I/inxware/ert-contrib-middleware/inx_build_scripts/../target_libs/armv7l-linux-VX_VX_base/build/include -I/inxware/ert-contrib-middleware/inx_build_scripts/../../ert-build-support/support_libs/target_libs/armv7l-linuxVX/build/include/ -I/inxware/ert-contrib-middleware/inx_build_scripts/../../ert-build-support/kernel-dependencies/ -Qunused-arguments -Wno-pointer-bool-conversion -Os   -L/inxware/ert-contrib-middleware/inx_build_scripts/../target_libs/armv7l-linux-VX_VX_base/build/lib  -L/inxware/ert-contrib-middleware/inx_build_scripts/../../ert-build-support/support_libs/target_libs/armv7l-linuxVX/build/lib  -L/inxware/ert-contrib-middleware/inx_build_scripts/../target_libs/armv7l-linux-VX_VX_base/build/lib/../usr/lib/armv7l-linux/  conftest.c -lldap -llber -lssl -lcrypto -lz  >&5
conftest.c:62:11: error: use of undeclared identifier 'BerValue'
          BerValue *bvp = NULL;
          ^
conftest.c:62:21: error: use of undeclared identifier 'bvp'
          BerValue *bvp = NULL;
                    ^
conftest.c:63:11: error: use of undeclared identifier 'BerElement'
          BerElement *bep = ber_init(bvp);
          ^
conftest.c:63:23: error: use of undeclared identifier 'bep'
          BerElement *bep = ber_init(bvp);
                      ^
conftest.c:63:29: warning: implicit declaration of function 'ber_init' is invalid in C99 [-Wimplicit-function-declaration]
          BerElement *bep = ber_init(bvp);
                            ^
conftest.c:63:38: error: use of undeclared identifier 'bvp'
          BerElement *bep = ber_init(bvp);
                                     ^
conftest.c:64:11: error: use of undeclared identifier 'LDAP'
          LDAP *ldp = ldap_init("dummy", LDAP_PORT);
          ^
conftest.c:64:17: error: use of undeclared identifier 'ldp'
          LDAP *ldp = ldap_init("dummy", LDAP_PORT);
                ^
conftest.c:64:23: warning: implicit declaration of function 'ldap_init' is invalid in C99 [-Wimplicit-function-declaration]
          LDAP *ldp = ldap_init("dummy", LDAP_PORT);
                      ^
conftest.c:64:42: error: use of undeclared identifier 'LDAP_PORT'
          LDAP *ldp = ldap_init("dummy", LDAP_PORT);
                                         ^
conftest.c:65:21: warning: implicit declaration of function 'ldap_unbind' is invalid in C99 [-Wimplicit-function-declaration]
          int res = ldap_unbind(ldp);
                    ^
conftest.c:65:33: error: use of undeclared identifier 'ldp'
          int res = ldap_unbind(ldp);
                                ^
conftest.c:66:11: warning: implicit declaration of function 'ber_free' is invalid in C99 [-Wimplicit-function-declaration]
          ber_free(bep, 1);
          ^
conftest.c:66:20: error: use of undeclared identifier 'bep'
          ber_free(bep, 1);
                   ^
4 warnings and 10 errors generated.
configure:20804: $? = 1
configure: failed program was:
| /* confdefs.h */
| #define PACKAGE_NAME "curl"
| #define PACKAGE_TARNAME "curl"
| #define PACKAGE_VERSION "-"
| #define PACKAGE_STRING "curl -"
| #define PACKAGE_BUGREPORT "a suitable curl mailing list: https://curl.se/mail/"
| #define PACKAGE_URL ""
| #define HAVE_STDIO_H 1
| #define HAVE_STDLIB_H 1
| #define HAVE_STRING_H 1
| #define HAVE_INTTYPES_H 1
| #define HAVE_STDINT_H 1
| #define HAVE_STRINGS_H 1
| #define HAVE_SYS_STAT_H 1
| #define HAVE_SYS_TYPES_H 1
| #define HAVE_UNISTD_H 1
| #define STDC_HEADERS 1
| #define HAVE_STDATOMIC_H 1
| #define HAVE_ATOMIC 1
| #define PACKAGE "curl"
| #define VERSION "-"
| #define OS "armv7l-unknown-linux-gnu"
| #define HAVE_DLFCN_H 1
| #define LT_OBJDIR ".libs/"
| #define HAVE_BUILTIN_AVAILABLE 1
| #define HAVE_LDAP_SSL 1
| #define HAVE_SYS_TYPES_H 1
| #define HAVE_SYS_TIME_H 1
| #define HAVE_CLOCK_GETTIME_MONOTONIC 1
| #define HAVE_ZLIB_H 1
| #define HAVE_LIBZ 1
| /* end confdefs.h.  */
| 
| 
| #undef inline
| #ifdef HAVE_WINDOWS_H
| #ifndef WIN32_LEAN_AND_MEAN
| #define WIN32_LEAN_AND_MEAN
| #endif
| #include <windows.h>
| #else
| #ifdef HAVE_SYS_TYPES_H
| #include <sys/types.h>
| #endif
| #endif
| #ifndef NULL
| #define NULL (void *)0
| #endif
| #ifndef LDAP_DEPRECATED
| #define LDAP_DEPRECATED 1
| #endif
| #ifdef NEED_LBER_H
| #include <lber.h>
| #endif
| #ifdef HAVE_LDAP_H
| #include <ldap.h>
| #endif
| 
| int main (void)
| {
| 
|           BerValue *bvp = NULL;
|           BerElement *bep = ber_init(bvp);
|           LDAP *ldp = ldap_init("dummy", LDAP_PORT);
|           int res = ldap_unbind(ldp);
|           ber_free(bep, 1);
| 
|  ;
|  return 0;
| }
| 
configure:20819: result: cannot find LDAP libraries
configure:20843: WARNING: Cannot find libraries for LDAP support: LDAP disabled
configure:20960: checking whether to enable IPv6
configure:20979: result: yes
configure:21037: checking if struct sockaddr_in6 has sin6_scope_id member
configure:21063: clang -c -I/inxware/ert-contrib-middleware/inx_build_scripts/../target_libs/armv7l-linux-VX_VX_base/build/include -I/inxware/ert-contrib-middleware/inx_build_scripts/../../ert-build-support/support_libs/target_libs/armv7l-linuxVX/build/include/ -I/inxware/ert-contrib-middleware/inx_build_scripts/../../ert-build-support/kernel-dependencies/ -Qunused-arguments -Wno-pointer-bool-conversion -Os  conftest.c >&5
configure:21063: $? = 0
configure:21066: result: yes
configure:21082: checking if argv can be written to
configure:21165: result: no
configure:21167: WARNING: the previous check could not be made default was used
configure:21214: checking if GSS-API support is requested
configure:21621: result: no
configure:22043: checking whether to enable Windows native SSL/TLS
configure:22072: result: no
configure:22077: checking whether to enable Secure Transport
configure:22099: result: no
configure:22105: checking whether to enable Amiga native SSL/TLS (AmiSSL v5)
configure:22207: result: no
configure:22306: checking for armv7l-linux-pkg-config
configure:22345: result: no
configure:22355: checking for pkg-config
configure:22391: result: /usr/bin/pkg-config
configure:22416: checking for openssl options with pkg-config
configure:22427: result: no
configure:22475: checking for HMAC_Update in -lcrypto
configure:22498: clang -o conftest -I/inxware/ert-contrib-middleware/inx_build_scripts/../target_libs/armv7l-linux-VX_VX_base/build/include -I/inxware/ert-contrib-middleware/inx_build_scripts/../../ert-build-support/support_libs/target_libs/armv7l-linuxVX/build/include/ -I/inxware/ert-contrib-middleware/inx_build_scripts/../../ert-build-support/kernel-dependencies/ -Qunused-arguments -Wno-pointer-bool-conversion -Os    -L/inxware/ert-contrib-middleware/inx_build_scripts/../target_libs/armv7l-linux-VX_VX_base/build/lib  -L/inxware/ert-contrib-middleware/inx_build_scripts/../../ert-build-support/support_libs/target_libs/armv7l-linuxVX/build/lib  -L/inxware/ert-contrib-middleware/inx_build_scripts/../target_libs/armv7l-linux-VX_VX_base/build/lib/../usr/lib/armv7l-linux/   conftest.c -lcrypto  -lz  >&5
/usr/bin/ld: cannot find -lcrypto
clang: error: linker command failed with exit code 1 (use -v to see invocation)
configure:22498: $? = 1
configure: failed program was:
| /* confdefs.h */
| #define PACKAGE_NAME "curl"
| #define PACKAGE_TARNAME "curl"
| #define PACKAGE_VERSION "-"
| #define PACKAGE_STRING "curl -"
| #define PACKAGE_BUGREPORT "a suitable curl mailing list: https://curl.se/mail/"
| #define PACKAGE_URL ""
| #define HAVE_STDIO_H 1
| #define HAVE_STDLIB_H 1
| #define HAVE_STRING_H 1
| #define HAVE_INTTYPES_H 1
| #define HAVE_STDINT_H 1
| #define HAVE_STRINGS_H 1
| #define HAVE_SYS_STAT_H 1
| #define HAVE_SYS_TYPES_H 1
| #define HAVE_UNISTD_H 1
| #define STDC_HEADERS 1
| #define HAVE_STDATOMIC_H 1
| #define HAVE_ATOMIC 1
| #define PACKAGE "curl"
| #define VERSION "-"
| #define OS "armv7l-unknown-linux-gnu"
| #define HAVE_DLFCN_H 1
| #define LT_OBJDIR ".libs/"
| #define HAVE_BUILTIN_AVAILABLE 1
| #define HAVE_LDAP_SSL 1
| #define HAVE_SYS_TYPES_H 1
| #define HAVE_SYS_TIME_H 1
| #define HAVE_CLOCK_GETTIME_MONOTONIC 1
| #define HAVE_ZLIB_H 1
| #define HAVE_LIBZ 1
| #define CURL_DISABLE_LDAP 1
| #define CURL_DISABLE_LDAPS 1
| #define ENABLE_IPV6 1
| #define HAVE_SOCKADDR_IN6_SIN6_SCOPE_ID 1
| /* end confdefs.h.  */
| 
| 
| #ifdef __cplusplus
| extern "C"
| #endif
| char HMAC_Update ();
| int main (void)
| {
| return HMAC_Update ();
|  ;
|  return 0;
| }
configure:22508: result: no
configure:22528: checking for HMAC_Init_ex in -lcrypto
configure:22551: clang -o conftest -I/inxware/ert-contrib-middleware/inx_build_scripts/../target_libs/armv7l-linux-VX_VX_base/build/include -I/inxware/ert-contrib-middleware/inx_build_scripts/../../ert-build-support/support_libs/target_libs/armv7l-linuxVX/build/include/ -I/inxware/ert-contrib-middleware/inx_build_scripts/../../ert-build-support/kernel-dependencies/ -Qunused-arguments -Wno-pointer-bool-conversion -Os    -L/inxware/ert-contrib-middleware/inx_build_scripts/../target_libs/armv7l-linux-VX_VX_base/build/lib  -L/inxware/ert-contrib-middleware/inx_build_scripts/../../ert-build-support/support_libs/target_libs/armv7l-linuxVX/build/lib  -L/inxware/ert-contrib-middleware/inx_build_scripts/../target_libs/armv7l-linux-VX_VX_base/build/lib/../usr/lib/armv7l-linux/   conftest.c -lcrypto  -lz  >&5
/usr/bin/ld: cannot find -lcrypto
clang: error: linker command failed with exit code 1 (use -v to see invocation)
configure:22551: $? = 1
configure: failed program was:
| /* confdefs.h */
| #define PACKAGE_NAME "curl"
| #define PACKAGE_TARNAME "curl"
| #define PACKAGE_VERSION "-"
| #define PACKAGE_STRING "curl -"
| #define PACKAGE_BUGREPORT "a suitable curl mailing list: https://curl.se/mail/"
| #define PACKAGE_URL ""
| #define HAVE_STDIO_H 1
| #define HAVE_STDLIB_H 1
| #define HAVE_STRING_H 1
| #define HAVE_INTTYPES_H 1
| #define HAVE_STDINT_H 1
| #define HAVE_STRINGS_H 1
| #define HAVE_SYS_STAT_H 1
| #define HAVE_SYS_TYPES_H 1
| #define HAVE_UNISTD_H 1
| #define STDC_HEADERS 1
| #define HAVE_STDATOMIC_H 1
| #define HAVE_ATOMIC 1
| #define PACKAGE "curl"
| #define VERSION "-"
| #define OS "armv7l-unknown-linux-gnu"
| #define HAVE_DLFCN_H 1
| #define LT_OBJDIR ".libs/"
| #define HAVE_BUILTIN_AVAILABLE 1
| #define HAVE_LDAP_SSL 1
| #define HAVE_SYS_TYPES_H 1
| #define HAVE_SYS_TIME_H 1
| #define HAVE_CLOCK_GETTIME_MONOTONIC 1
| #define HAVE_ZLIB_H 1
| #define HAVE_LIBZ 1
| #define CURL_DISABLE_LDAP 1
| #define CURL_DISABLE_LDAPS 1
| #define ENABLE_IPV6 1
| #define HAVE_SOCKADDR_IN6_SIN6_SCOPE_ID 1
| /* end confdefs.h.  */
| 
| 
| #ifdef __cplusplus
| extern "C"
| #endif
| char HMAC_Init_ex ();
| int main (void)
| {
| return HMAC_Init_ex ();
|  ;
|  return 0;
| }
configure:22561: result: no
configure:22571: checking OpenSSL linking with -ldl
configure:22588: clang -o conftest -I/inxware/ert-contrib-middleware/inx_build_scripts/../target_libs/armv7l-linux-VX_VX_base/build/include -I/inxware/ert-contrib-middleware/inx_build_scripts/../../ert-build-support/support_libs/target_libs/armv7l-linuxVX/build/include/ -I/inxware/ert-contrib-middleware/inx_build_scripts/../../ert-build-support/kernel-dependencies/ -Qunused-arguments -Wno-pointer-bool-conversion -Os    -L/inxware/ert-contrib-middleware/inx_build_scripts/../target_libs/armv7l-linux-VX_VX_base/build/lib  -L/inxware/ert-contrib-middleware/inx_build_scripts/../../ert-build-support/support_libs/target_libs/armv7l-linuxVX/build/lib  -L/inxware/ert-contrib-middleware/inx_build_scripts/../target_libs/armv7l-linux-VX_VX_base/build/lib/../usr/lib/armv7l-linux/   conftest.c -lcrypto -lz  -ldl >&5
conftest.c:38:19: fatal error: 'openssl/err.h' file not found
         #include <openssl/err.h>
                  ^~~~~~~~~~~~~~~
1 error generated.
configure:22588: $? = 1
configure: failed program was:
| /* confdefs.h */
| #define PACKAGE_NAME "curl"
| #define PACKAGE_TARNAME "curl"
| #define PACKAGE_VERSION "-"
| #define PACKAGE_STRING "curl -"
| #define PACKAGE_BUGREPORT "a suitable curl mailing list: https://curl.se/mail/"
| #define PACKAGE_URL ""
| #define HAVE_STDIO_H 1
| #define HAVE_STDLIB_H 1
| #define HAVE_STRING_H 1
| #define HAVE_INTTYPES_H 1
| #define HAVE_STDINT_H 1
| #define HAVE_STRINGS_H 1
| #define HAVE_SYS_STAT_H 1
| #define HAVE_SYS_TYPES_H 1
| #define HAVE_UNISTD_H 1
| #define STDC_HEADERS 1
| #define HAVE_STDATOMIC_H 1
| #define HAVE_ATOMIC 1
| #define PACKAGE "curl"
| #define VERSION "-"
| #define OS "armv7l-unknown-linux-gnu"
| #define HAVE_DLFCN_H 1
| #define LT_OBJDIR ".libs/"
| #define HAVE_BUILTIN_AVAILABLE 1
| #define HAVE_LDAP_SSL 1
| #define HAVE_SYS_TYPES_H 1
| #define HAVE_SYS_TIME_H 1
| #define HAVE_CLOCK_GETTIME_MONOTONIC 1
| #define HAVE_ZLIB_H 1
| #define HAVE_LIBZ 1
| #define CURL_DISABLE_LDAP 1
| #define CURL_DISABLE_LDAPS 1
| #define ENABLE_IPV6 1
| #define HAVE_SOCKADDR_IN6_SIN6_SCOPE_ID 1
| /* end confdefs.h.  */
| 
|          #include <openssl/err.h>
| 
| int main (void)
| {
| 
|          ERR_clear_error();
| 
|  ;
|  return 0;
| }
configure:22597: result: no
configure:22600: checking OpenSSL linking with -ldl and -lpthread
configure:22618: clang -o conftest -I/inxware/ert-contrib-middleware/inx_build_scripts/../target_libs/armv7l-linux-VX_VX_base/build/include -I/inxware/ert-contrib-middleware/inx_build_scripts/../../ert-build-support/support_libs/target_libs/armv7l-linuxVX/build/include/ -I/inxware/ert-contrib-middleware/inx_build_scripts/../../ert-build-support/kernel-dependencies/ -Qunused-arguments -Wno-pointer-bool-conversion -Os    -L/inxware/ert-contrib-middleware/inx_build_scripts/../target_libs/armv7l-linux-VX_VX_base/build/lib  -L/inxware/ert-contrib-middleware/inx_build_scripts/../../ert-build-support/support_libs/target_libs/armv7l-linuxVX/build/lib  -L/inxware/ert-contrib-middleware/inx_build_scripts/../target_libs/armv7l-linux-VX_VX_base/build/lib/../usr/lib/armv7l-linux/   conftest.c -lcrypto -lz  -ldl -lpthread >&5
conftest.c:39:21: fatal error: 'openssl/err.h' file not found
           #include <openssl/err.h>
                    ^~~~~~~~~~~~~~~
1 error generated.
configure:22618: $? = 1
configure: failed program was:
| /* confdefs.h */
| #define PACKAGE_NAME "curl"
| #define PACKAGE_TARNAME "curl"
| #define PACKAGE_VERSION "-"
| #define PACKAGE_STRING "curl -"
| #define PACKAGE_BUGREPORT "a suitable curl mailing list: https://curl.se/mail/"
| #define PACKAGE_URL ""
| #define HAVE_STDIO_H 1
| #define HAVE_STDLIB_H 1
| #define HAVE_STRING_H 1
| #define HAVE_INTTYPES_H 1
| #define HAVE_STDINT_H 1
| #define HAVE_STRINGS_H 1
| #define HAVE_SYS_STAT_H 1
| #define HAVE_SYS_TYPES_H 1
| #define HAVE_UNISTD_H 1
| #define STDC_HEADERS 1
| #define HAVE_STDATOMIC_H 1
| #define HAVE_ATOMIC 1
| #define PACKAGE "curl"
| #define VERSION "-"
| #define OS "armv7l-unknown-linux-gnu"
| #define HAVE_DLFCN_H 1
| #define LT_OBJDIR ".libs/"
| #define HAVE_BUILTIN_AVAILABLE 1
| #define HAVE_LDAP_SSL 1
| #define HAVE_SYS_TYPES_H 1
| #define HAVE_SYS_TIME_H 1
| #define HAVE_CLOCK_GETTIME_MONOTONIC 1
| #define HAVE_ZLIB_H 1
| #define HAVE_LIBZ 1
| #define CURL_DISABLE_LDAP 1
| #define CURL_DISABLE_LDAPS 1
| #define ENABLE_IPV6 1
| #define HAVE_SOCKADDR_IN6_SIN6_SCOPE_ID 1
| /* end confdefs.h.  */
| 
| 
|            #include <openssl/err.h>
| 
| int main (void)
| {
| 
|            ERR_clear_error();
| 
|  ;
|  return 0;
| }
configure:22627: result: no
configure:22975: OPT_OPENSSL: yes
configure:22977: OPENSSL_ENABLED: 
configure:22979: error: --with-openssl was given but OpenSSL could not be detected

## ---------------- ##
## Cache variables. ##
## ---------------- ##

ac_cv_build=x86_64-pc-linux-gnu
ac_cv_c_compiler_gnu=yes
ac_cv_c_inline=inline
ac_cv_env_CC_set=set
ac_cv_env_CC_value=clang
ac_cv_env_CFLAGS_set=set
ac_cv_env_CFLAGS_value=' -I/inxware/ert-contrib-middleware/inx_build_scripts/../target_libs/armv7l-linux-VX_VX_base/build/include -I/inxware/ert-contrib-middleware/inx_build_scripts/../../ert-build-support/support_libs/target_libs/armv7l-linuxVX/build/include/ -I/inxware/ert-contrib-middleware/inx_build_scripts/../../ert-build-support/kernel-dependencies/ '
ac_cv_env_CPPFLAGS_set=
ac_cv_env_CPPFLAGS_value=
ac_cv_env_CPP_set=
ac_cv_env_CPP_value=
ac_cv_env_LDFLAGS_set=set
ac_cv_env_LDFLAGS_value=' -L/inxware/ert-contrib-middleware/inx_build_scripts/../target_libs/armv7l-linux-VX_VX_base/build/lib  -L/inxware/ert-contrib-middleware/inx_build_scripts/../../ert-build-support/support_libs/target_libs/armv7l-linuxVX/build/lib  -L/inxware/ert-contrib-middleware/inx_build_scripts/../target_libs/armv7l-linux-VX_VX_base/build/lib/../usr/lib/armv7l-linux/ '
ac_cv_env_LIBS_set=
ac_cv_env_LIBS_value=
ac_cv_env_LT_SYS_LIBRARY_PATH_set=
ac_cv_env_LT_SYS_LIBRARY_PATH_value=
ac_cv_env_build_alias_set=set
ac_cv_env_build_alias_value=x86_64-linux
ac_cv_env_host_alias_set=set
ac_cv_env_host_alias_value=armv7l-linux
ac_cv_env_target_alias_set=
ac_cv_env_target_alias_value=
ac_cv_func_gethostbyname=yes
ac_cv_header_brotli_decode_h=no
ac_cv_header_dlfcn_h=yes
ac_cv_header_inttypes_h=yes
ac_cv_header_proto_bsdsocket_h=no
ac_cv_header_stdatomic_h=yes
ac_cv_header_stdint_h=yes
ac_cv_header_stdio_h=yes
ac_cv_header_stdlib_h=yes
ac_cv_header_string_h=yes
ac_cv_header_strings_h=yes
ac_cv_header_sys_stat_h=yes
ac_cv_header_sys_time_h=yes
ac_cv_header_sys_types_h=yes
ac_cv_header_unistd_h=yes
ac_cv_header_zlib_h=yes
ac_cv_header_zstd_h=no
ac_cv_host=armv7l-unknown-linux-gnu
ac_cv_lib_brotlidec_BrotliDecoderDecompress=no
ac_cv_lib_crypto_HMAC_Init_ex=no
ac_cv_lib_crypto_HMAC_Update=no
ac_cv_lib_z_inflateEnd=yes
ac_cv_lib_zstd_ZSTD_createDStream=no
ac_cv_objext=o
ac_cv_path_EGREP='/bin/grep -E'
ac_cv_path_FGREP='/bin/grep -F'
ac_cv_path_GREP=/bin/grep
ac_cv_path_SED=/bin/sed
ac_cv_path_ac_pt_PKGCONFIG=/usr/bin/pkg-config
ac_cv_path_install='/usr/bin/install -c'
ac_cv_path_lt_DD=/bin/dd
ac_cv_path_mkdir=/bin/mkdir
ac_cv_prog_AR=ar
ac_cv_prog_AWK=mawk
ac_cv_prog_CC=clang
ac_cv_prog_CPP='clang -E'
ac_cv_prog_RANLIB=ranlib
ac_cv_prog_STRIP=strip
ac_cv_prog_ac_ct_FILECMD=file
ac_cv_prog_ac_ct_OBJDUMP=objdump
ac_cv_prog_ac_ct_STRIP=strip
ac_cv_prog_cc_c11=
ac_cv_prog_cc_g=yes
ac_cv_prog_cc_stdc=
ac_cv_prog_make_make_set=yes
ac_cv_sys_file_offset_bits=no
ac_cv_sys_largefile_CC=no
am_cv_CC_dependencies_compiler_type=gcc3
am_cv_make_support_nested_variables=yes
am_cv_prog_cc_c_o=yes
curl_cv_def___GNUC__=4
curl_cv_def___clang__=1
curl_cv_gclk_LIBS=
curl_cv_have_def__COMPILER_VERSION=no
curl_cv_have_def__SGI_COMPILER_VERSION=no
curl_cv_have_def___DECC=no
curl_cv_have_def___DECC_VER=no
curl_cv_have_def___GNUC__=yes
curl_cv_have_def___HP_cc=no
curl_cv_have_def___IBMC__=no
curl_cv_have_def___INTEL_COMPILER=no
curl_cv_have_def___LCC__=no
curl_cv_have_def___SUNPRO_C=no
curl_cv_have_def___TINYC__=no
curl_cv_have_def___clang__=yes
curl_cv_have_def___ibmxl__=no
curl_cv_have_def___sgi=no
curl_cv_header_lber_h=no
curl_cv_header_ldap_h=no
curl_cv_header_ldap_ssl_h=no
curl_cv_header_wincrypt_h=no
curl_cv_header_windows_h=no
curl_cv_header_winldap_h=no
curl_cv_header_winsock2_h=no
curl_cv_header_ws2tcpip_h=no
curl_cv_ldap_LIBS=unknown
curl_cv_native_windows=no
curl_cv_save_LIBS='-lz '
curl_cv_writable_argv=cross
lt_cv_ar_at_file=@
lt_cv_archive_cmds_need_lc=no
lt_cv_deplibs_check_method=pass_all
lt_cv_file_magic_cmd='$MAGIC_CMD'
lt_cv_file_magic_test_file=
lt_cv_ld_reload_flag=-r
lt_cv_nm_interface='BSD nm'
lt_cv_objdir=.libs
lt_cv_path_LD=ld
lt_cv_path_NM=nm
lt_cv_path_mainfest_tool=no
lt_cv_prog_compiler_c_o=yes
lt_cv_prog_compiler_pic='-fPIC -DPIC'
lt_cv_prog_compiler_pic_works=yes
lt_cv_prog_compiler_rtti_exceptions=yes
lt_cv_prog_compiler_static_works=yes
lt_cv_prog_gnu_ld=yes
lt_cv_sharedlib_from_linklib_cmd='printf %s\n'
lt_cv_shlibpath_overrides_runpath=yes
lt_cv_sys_global_symbol_pipe='/bin/sed -n -e '\''s/^.*[	 ]\([ABCDGIRSTW][ABCDGIRSTW]*\)[	 ][	 ]*\([_A-Za-z][_A-Za-z0-9]*\)$/\1 \2 \2/p'\'' | /bin/sed '\''/ __gnu_lto/d'\'''
lt_cv_sys_global_symbol_to_c_name_address='/bin/sed -n -e '\''s/^: \(.*\) .*$/  {"\1", (void *) 0},/p'\'' -e '\''s/^[ABCDGIRSTW][ABCDGIRSTW]* .* \(.*\)$/  {"\1", (void *) \&\1},/p'\'''
lt_cv_sys_global_symbol_to_c_name_address_lib_prefix='/bin/sed -n -e '\''s/^: \(.*\) .*$/  {"\1", (void *) 0},/p'\'' -e '\''s/^[ABCDGIRSTW][ABCDGIRSTW]* .* \(lib.*\)$/  {"\1", (void *) \&\1},/p'\'' -e '\''s/^[ABCDGIRSTW][ABCDGIRSTW]* .* \(.*\)$/  {"lib\1", (void *) \&\1},/p'\'''
lt_cv_sys_global_symbol_to_cdecl='/bin/sed -n -e '\''s/^T .* \(.*\)$/extern int \1();/p'\'' -e '\''s/^[ABCDGIRSTW][ABCDGIRSTW]* .* \(.*\)$/extern char \1;/p'\'''
lt_cv_sys_global_symbol_to_import=
lt_cv_sys_max_cmd_len=1572864
lt_cv_to_host_file_cmd=func_convert_file_noop
lt_cv_to_tool_file_cmd=func_convert_file_noop
lt_cv_truncate_bin='/bin/dd bs=4096 count=1'

## ----------------- ##
## Output variables. ##
## ----------------- ##

ACLOCAL='${SHELL} '\''/inxware/ert-contrib-middleware/contrib/curl/curl-7.85.0/missing'\'' aclocal-1.16'
AMDEPBACKSLASH='\'
AMDEP_FALSE='#'
AMDEP_TRUE=''
AMTAR='$${TAR-tar}'
AM_BACKSLASH='\'
AM_DEFAULT_V='$(AM_DEFAULT_VERBOSITY)'
AM_DEFAULT_VERBOSITY='0'
AM_V='$(V)'
AR='ar'
AR_FLAGS='cr'
AS='as'
AUTOCONF='${SHELL} '\''/inxware/ert-contrib-middleware/contrib/curl/curl-7.85.0/missing'\'' autoconf'
AUTOHEADER='${SHELL} '\''/inxware/ert-contrib-middleware/contrib/curl/curl-7.85.0/missing'\'' autoheader'
AUTOMAKE='${SHELL} '\''/inxware/ert-contrib-middleware/contrib/curl/curl-7.85.0/missing'\'' automake-1.16'
AWK='mawk'
BLANK_AT_MAKETIME=''
BUILD_LIBHOSTNAME_FALSE=''
BUILD_LIBHOSTNAME_TRUE=''
BUILD_STUB_GSS_FALSE=''
BUILD_STUB_GSS_TRUE='#'
BUILD_UNITTESTS_FALSE=''
BUILD_UNITTESTS_TRUE='#'
CC='clang'
CCDEPMODE='depmode=gcc3'
CFLAGS='-I/inxware/ert-contrib-middleware/inx_build_scripts/../target_libs/armv7l-linux-VX_VX_base/build/include -I/inxware/ert-contrib-middleware/inx_build_scripts/../../ert-build-support/support_libs/target_libs/armv7l-linuxVX/build/include/ -I/inxware/ert-contrib-middleware/inx_build_scripts/../../ert-build-support/kernel-dependencies/ -Qunused-arguments -Wno-pointer-bool-conversion -Os'
CFLAG_CURL_SYMBOL_HIDING=''
CONFIGURE_OPTIONS='" '\''--with-openssl'\'' '\''--prefix=/inxware/ert-contrib-middleware/inx_build_scripts/../target_libs/armv7l-linux-VX_VX_base/build'\'' '\''--host=armv7l-linux'\'' '\''--build=x86_64-linux'\'' '\''build_alias=x86_64-linux'\'' '\''host_alias=armv7l-linux'\'' '\''CC=clang'\'' '\''CFLAGS= -I/inxware/ert-contrib-middleware/inx_build_scripts/../target_libs/armv7l-linux-VX_VX_base/build/include -I/inxware/ert-contrib-middleware/inx_build_scripts/../../ert-build-support/support_libs/target_libs/armv7l-linuxVX/build/include/ -I/inxware/ert-contrib-middleware/inx_build_scripts/../../ert-build-support/kernel-dependencies/ '\'' '\''LDFLAGS= -L/inxware/ert-contrib-middleware/inx_build_scripts/../target_libs/armv7l-linux-VX_VX_base/build/lib  -L/inxware/ert-contrib-middleware/inx_build_scripts/../../ert-build-support/support_libs/target_libs/armv7l-linuxVX/build/lib  -L/inxware/ert-contrib-middleware/inx_build_scripts/../target_libs/armv7l-linux-VX_VX_base/build/lib/../usr/lib/armv7l-linux/ '\''"'
CPP='clang -E'
CPPFLAGS=''
CPPFLAG_CURL_STATICLIB=''
CROSSCOMPILING_FALSE=''
CROSSCOMPILING_TRUE=''
CSCOPE='cscope'
CTAGS='ctags'
CURLDEBUG_FALSE=''
CURLDEBUG_TRUE='#'
CURLVERSION='7.85.0'
CURL_CA_BUNDLE=''
CURL_CFLAG_EXTRAS=''
CURL_DISABLE_DICT=''
CURL_DISABLE_FILE=''
CURL_DISABLE_FTP=''
CURL_DISABLE_GOPHER=''
CURL_DISABLE_HTTP=''
CURL_DISABLE_IMAP=''
CURL_DISABLE_LDAP='1'
CURL_DISABLE_LDAPS='1'
CURL_DISABLE_MQTT=''
CURL_DISABLE_POP3=''
CURL_DISABLE_PROXY=''
CURL_DISABLE_RTSP=''
CURL_DISABLE_SMB=''
CURL_DISABLE_SMTP=''
CURL_DISABLE_TELNET=''
CURL_DISABLE_TFTP=''
CURL_LT_SHLIB_USE_MIMPURE_TEXT_FALSE=''
CURL_LT_SHLIB_USE_MIMPURE_TEXT_TRUE='#'
CURL_LT_SHLIB_USE_NO_UNDEFINED_FALSE=''
CURL_LT_SHLIB_USE_NO_UNDEFINED_TRUE='#'
CURL_LT_SHLIB_USE_VERSIONED_SYMBOLS_FALSE=''
CURL_LT_SHLIB_USE_VERSIONED_SYMBOLS_TRUE=''
CURL_LT_SHLIB_USE_VERSION_INFO_FALSE='#'
CURL_LT_SHLIB_USE_VERSION_INFO_TRUE=''
CURL_LT_SHLIB_VERSIONED_FLAVOUR=''
CURL_NETWORK_AND_TIME_LIBS=''
CURL_NETWORK_LIBS=''
CURL_PLIST_VERSION=''
CURL_WITH_MULTI_SSL=''
CYGPATH_W='echo'
DEFAULT_SSL_BACKEND='no'
DEFS=''
DEPDIR='.deps'
DLLTOOL='false'
DOING_CURL_SYMBOL_HIDING_FALSE=''
DOING_CURL_SYMBOL_HIDING_TRUE=''
DOING_NATIVE_WINDOWS_FALSE=''
DOING_NATIVE_WINDOWS_TRUE='#'
DSYMUTIL=''
DUMPBIN=''
ECHO_C=''
ECHO_N='-n'
ECHO_T=''
EGREP='/bin/grep -E'
ENABLE_SHARED=''
ENABLE_STATIC=''
ETAGS='etags'
EXEEXT=''
FGREP='/bin/grep -F'
FILECMD='file'
FISH_FUNCTIONS_DIR=''
GCOV=''
GREP='/bin/grep'
HAVE_BROTLI=''
HAVE_GNUTLS_SRP=''
HAVE_LDAP_SSL='1'
HAVE_LIBZ='1'
HAVE_LIBZ_FALSE='#'
HAVE_LIBZ_TRUE=''
HAVE_OPENSSL_SRP=''
HAVE_PROTO_BSDSOCKET_H=''
HAVE_ZSTD=''
IDN_ENABLED=''
INSTALL_DATA='${INSTALL} -m 644'
INSTALL_PROGRAM='${INSTALL}'
INSTALL_SCRIPT='${INSTALL}'
INSTALL_STRIP_PROGRAM='$(install_sh) -c -s'
IPV6_ENABLED='1'
LCOV=''
LD='ld'
LDFLAGS=' -L/inxware/ert-contrib-middleware/inx_build_scripts/../target_libs/armv7l-linux-VX_VX_base/build/lib  -L/inxware/ert-contrib-middleware/inx_build_scripts/../../ert-build-support/support_libs/target_libs/armv7l-linuxVX/build/lib  -L/inxware/ert-contrib-middleware/inx_build_scripts/../target_libs/armv7l-linux-VX_VX_base/build/lib/../usr/lib/armv7l-linux/ '
LIBCURL_LIBS=''
LIBCURL_NO_SHARED=''
LIBOBJS=''
LIBS='-lz '
LIBTOOL='$(SHELL) $(top_builddir)/libtool'
LIPO=''
LN_S='ln -s'
LTLIBOBJS=''
LT_SYS_LIBRARY_PATH=''
MAINT='#'
MAINTAINER_MODE_FALSE=''
MAINTAINER_MODE_TRUE='#'
MAKEINFO='${SHELL} '\''/inxware/ert-contrib-middleware/contrib/curl/curl-7.85.0/missing'\'' makeinfo'
MANIFEST_TOOL=':'
MANOPT=''
MKDIR_P='/bin/mkdir -p'
NM='nm'
NMEDIT=''
NROFF=''
NSS_LIBS=''
OBJDUMP='objdump'
OBJEXT='o'
OTOOL64=''
OTOOL=''
PACKAGE='curl'
PACKAGE_BUGREPORT='a suitable curl mailing list: https://curl.se/mail/'
PACKAGE_NAME='curl'
PACKAGE_STRING='curl -'
PACKAGE_TARNAME='curl'
PACKAGE_URL=''
PACKAGE_VERSION='-'
PATH_SEPARATOR=':'
PERL=''
PKGADD_NAME='curl - a client that groks URLs'
PKGADD_PKG='HAXXcurl'
PKGADD_VENDOR='curl.se'
PKGCONFIG='no'
RANDOM_FILE=''
RANLIB='ranlib'
REQUIRE_LIB_DEPS='no'
SED='/bin/sed'
SET_MAKE=''
SHELL='/bin/bash'
SSL_BACKENDS=''
SSL_ENABLED=''
SSL_LIBS=''
STRIP='strip'
SUPPORT_FEATURES=''
SUPPORT_PROTOCOLS=''
USE_ARES=''
USE_BEARSSL=''
USE_CPPFLAG_CURL_STATICLIB_FALSE=''
USE_CPPFLAG_CURL_STATICLIB_TRUE='#'
USE_EXPLICIT_LIB_DEPS_FALSE=''
USE_EXPLICIT_LIB_DEPS_TRUE='#'
USE_GNUTLS=''
USE_GSASL_FALSE=''
USE_GSASL_TRUE=''
USE_HYPER=''
USE_LIBPSL_FALSE=''
USE_LIBPSL_TRUE=''
USE_LIBRTMP=''
USE_LIBSSH2=''
USE_LIBSSH=''
USE_MANUAL_FALSE=''
USE_MANUAL_TRUE=''
USE_MBEDTLS=''
USE_MSH3=''
USE_NGHTTP2=''
USE_NGHTTP3=''
USE_NGTCP2=''
USE_NGTCP2_CRYPTO_GNUTLS=''
USE_NGTCP2_CRYPTO_OPENSSL=''
USE_NGTCP2_CRYPTO_WOLFSSL=''
USE_NSS=''
USE_OPENLDAP=''
USE_QUICHE=''
USE_RUSTLS=''
USE_SCHANNEL=''
USE_SECTRANSP=''
USE_UNIX_SOCKETS=''
USE_WIN32_CRYPTO=''
USE_WIN32_LARGE_FILES=''
USE_WIN32_SMALL_FILES=''
USE_WINDOWS_SSPI=''
USE_WOLFSSH=''
USE_WOLFSSL=''
VERSION='-'
VERSIONNUM='075500'
ZLIB_LIBS='-lz'
ZSH_FUNCTIONS_DIR=''
ac_ct_AR=''
ac_ct_CC=''
ac_ct_DUMPBIN=''
am__EXEEXT_FALSE=''
am__EXEEXT_TRUE=''
am__fastdepCC_FALSE='#'
am__fastdepCC_TRUE=''
am__include='include'
am__isrc=''
am__leading_dot='.'
am__nodep='_no'
am__quote=''
am__tar='$${TAR-tar} chof - "$$tardir"'
am__untar='$${TAR-tar} xf -'
bindir='${exec_prefix}/bin'
build='x86_64-pc-linux-gnu'
build_alias='x86_64-linux'
build_cpu='x86_64'
build_os='linux-gnu'
build_vendor='pc'
datadir='${datarootdir}'
datarootdir='${prefix}/share'
docdir='${datarootdir}/doc/${PACKAGE_TARNAME}'
dvidir='${docdir}'
exec_prefix='NONE'
host='armv7l-unknown-linux-gnu'
host_alias='armv7l-linux'
host_cpu='armv7l'
host_os='linux-gnu'
host_vendor='unknown'
htmldir='${docdir}'
includedir='${prefix}/include'
infodir='${datarootdir}/info'
install_sh='${SHELL} /inxware/ert-contrib-middleware/contrib/curl/curl-7.85.0/install-sh'
libdir='${exec_prefix}/lib'
libexecdir='${exec_prefix}/libexec'
libext='a'
localedir='${datarootdir}/locale'
localstatedir='${prefix}/var'
mandir='${datarootdir}/man'
mkdir_p='$(MKDIR_P)'
oldincludedir='/usr/include'
pdfdir='${docdir}'
prefix='/inxware/ert-contrib-middleware/inx_build_scripts/../target_libs/armv7l-linux-VX_VX_base/build'
program_transform_name='s,x,x,'
psdir='${docdir}'
runstatedir='${localstatedir}/run'
sbindir='${exec_prefix}/sbin'
sharedstatedir='${prefix}/com'
sysconfdir='${prefix}/etc'
target_alias=''

## ----------- ##
## confdefs.h. ##
## ----------- ##

/* confdefs.h */
#define PACKAGE_NAME "curl"
#define PACKAGE_TARNAME "curl"
#define PACKAGE_VERSION "-"
#define PACKAGE_STRING "curl -"
#define PACKAGE_BUGREPORT "a suitable curl mailing list: https://curl.se/mail/"
#define PACKAGE_URL ""
#define HAVE_STDIO_H 1
#define HAVE_STDLIB_H 1
#define HAVE_STRING_H 1
#define HAVE_INTTYPES_H 1
#define HAVE_STDINT_H 1
#define HAVE_STRINGS_H 1
#define HAVE_SYS_STAT_H 1
#define HAVE_SYS_TYPES_H 1
#define HAVE_UNISTD_H 1
#define STDC_HEADERS 1
#define HAVE_STDATOMIC_H 1
#define HAVE_ATOMIC 1
#define PACKAGE "curl"
#define VERSION "-"
#define OS "armv7l-unknown-linux-gnu"
#define HAVE_DLFCN_H 1
#define LT_OBJDIR ".libs/"
#define HAVE_BUILTIN_AVAILABLE 1
#define HAVE_LDAP_SSL 1
#define HAVE_SYS_TYPES_H 1
#define HAVE_SYS_TIME_H 1
#define HAVE_CLOCK_GETTIME_MONOTONIC 1
#define HAVE_ZLIB_H 1
#define HAVE_LIBZ 1
#define CURL_DISABLE_LDAP 1
#define CURL_DISABLE_LDAPS 1
#define ENABLE_IPV6 1
#define HAVE_SOCKADDR_IN6_SIN6_SCOPE_ID 1

configure: exit 1
